timestamp,buyprice,tp/sl,direction,pnl
2024-01-01 11:00:00+00:00,42747.2,TP,buy,1282.4159999999974
2024-01-02 03:00:00+00:00,45353.9,SL,buy,-453.53899999999703
2024-01-02 23:00:00+00:00,45018.0,SL,buy,-450.1800000000003
2024-01-03 16:00:00+00:00,43002.4,SL,buy,-430.0239999999976
2024-01-04 00:00:00+00:00,42841.7,TP,buy,1285.2510000000038
2024-01-05 03:00:00+00:00,43530.0,SL,buy,-435.3000000000029
2024-01-05 15:00:00+00:00,43580.2,SL,buy,-435.8020000000033
2024-01-05 18:00:00+00:00,43616.0,SL,buy,-436.1600000000035
2024-01-08 16:00:00+00:00,45045.8,TP,buy,1351.3740000000034
2024-01-08 19:00:00+00:00,46877.0,SL,buy,-468.7699999999968
2024-01-09 16:00:00+00:00,46881.7,SL,buy,-468.81700000000274
2024-01-10 02:00:00+00:00,45950.0,SL,buy,-459.5
2024-01-10 11:00:00+00:00,45572.9,SL,buy,-455.72899999999936
2024-01-10 11:53:00+00:00,45262.0,SL,buy,-452.6200000000026
2024-01-10 19:00:00+00:00,46492.4,SL,buy,-464.92399999999907
2024-01-11 00:00:00+00:00,46570.1,SL,buy,-465.70100000000093
2024-01-11 19:00:00+00:00,46547.1,SL,buy,-465.47099999999773
2024-01-12 00:33:00+00:00,46163.2,SL,buy,-461.6319999999978
2024-01-12 19:00:00+00:00,43508.8,SL,buy,-435.0880000000034
2024-01-13 00:00:00+00:00,42831.1,SL,buy,-428.3110000000015
2024-01-15 01:00:00+00:00,42235.3,TP,buy,1267.059000000001
2024-01-17 00:00:00+00:00,43151.2,SL,buy,-431.51200000000244
2024-01-17 17:00:00+00:00,42339.1,SL,buy,-423.39100000000326
2024-01-18 23:00:00+00:00,41350.3,SL,buy,-413.502999999997
2024-01-19 08:00:00+00:00,41301.3,SL,buy,-413.012999999999
2024-01-19 19:00:00+00:00,41766.6,SL,buy,-417.66599999999744
2024-01-22 22:00:00+00:00,39799.0,SL,buy,-397.98999999999796
2024-01-22 22:46:00+00:00,39647.2,SL,buy,-396.4720000000016
2024-01-23 19:00:00+00:00,39150.0,TP,buy,1174.5
2024-01-25 22:00:00+00:00,39921.0,TP,buy,1197.6300000000047
2024-01-26 19:00:00+00:00,42060.0,SL,buy,-420.59999999999854
2024-01-27 07:18:00+00:00,41646.3,TP,buy,1249.3890000000029
2024-01-29 18:00:00+00:00,43011.2,SL,buy,-430.112000000001
2024-02-01 06:00:00+00:00,42150.1,TP,buy,1264.5030000000042
2024-02-02 16:00:00+00:00,43277.4,SL,buy,-432.7739999999976
2024-02-02 18:05:00+00:00,42834.0,SL,buy,-428.3400000000038
2024-02-04 23:00:00+00:00,42535.9,TP,buy,1276.0770000000048
2024-02-07 22:00:00+00:00,44146.5,TP,buy,1324.395000000004
2024-02-08 17:00:00+00:00,45021.9,TP,buy,1350.6569999999992
2024-02-09 07:00:00+00:00,46189.8,TP,buy,1385.6940000000031
2024-02-09 18:00:00+00:00,47831.5,SL,buy,-478.3150000000023
2024-02-09 20:00:00+00:00,47540.1,SL,buy,-475.400999999998
2024-02-10 02:00:00+00:00,47284.0,TP,buy,1418.520000000004
2024-02-12 03:00:00+00:00,48176.0,TP,buy,1445.2799999999988
2024-02-13 01:00:00+00:00,50159.1,SL,buy,-501.59100000000035
2024-02-13 22:00:00+00:00,49608.6,TP,buy,1488.2580000000016
2024-02-14 12:00:00+00:00,51582.6,SL,buy,-515.8260000000009
2024-02-18 00:00:00+00:00,51710.5,SL,buy,-517.1050000000032
2024-02-18 11:00:00+00:00,51833.6,SL,buy,-518.336000000003
2024-02-20 21:00:00+00:00,52014.5,SL,buy,-520.1450000000041
2024-02-22 18:00:00+00:00,51704.4,SL,buy,-517.0440000000017
2024-02-23 03:00:00+00:00,51085.7,SL,buy,-510.8570000000036
2024-02-23 23:16:00+00:00,50591.4,TP,buy,1517.7419999999984
2024-02-26 20:00:00+00:00,54487.7,TP,buy,1634.6310000000012
2024-02-27 04:00:00+00:00,55716.6,TP,buy,1671.4979999999996
2024-02-28 00:00:00+00:00,57064.3,TP,buy,1711.9290000000037
2024-02-28 10:00:00+00:00,59330.6,SL,buy,-593.3060000000041
2024-02-28 15:00:00+00:00,60942.7,TP,buy,1828.2810000000027
2024-02-28 19:00:00+00:00,61449.9,SL,buy,-614.4990000000034
2024-02-28 19:41:00+00:00,60831.7,SL,buy,-608.3170000000027
2024-02-28 21:00:00+00:00,60422.1,SL,buy,-604.2209999999977
2024-02-28 21:09:00+00:00,59868.0,TP,buy,1796.0400000000009
2024-02-29 01:00:00+00:00,61361.5,TP,buy,1840.8450000000012
2024-02-29 10:00:00+00:00,62795.5,SL,buy,-627.9550000000017
2024-02-29 14:00:00+00:00,63068.9,SL,buy,-630.6889999999985
2024-02-29 23:00:00+00:00,61347.9,TP,buy,1840.436999999998
2024-03-03 22:20:00+00:00,63261.3,SL,buy,-632.6129999999976
2024-03-04 01:00:00+00:00,63630.3,TP,buy,1908.9089999999997
2024-03-04 09:00:00+00:00,65325.0,SL,buy,-653.25
2024-03-04 20:00:00+00:00,67381.5,SL,buy,-673.8150000000023
2024-03-05 17:00:00+00:00,65344.3,SL,buy,-653.4429999999993
2024-03-05 17:06:00+00:00,64567.3,SL,buy,-645.6730000000025
2024-03-05 17:08:00+00:00,64301.7,SL,buy,-643.0169999999998
2024-03-05 17:10:00+00:00,63937.7,SL,buy,-639.3770000000004
2024-03-05 22:00:00+00:00,63202.2,SL,buy,-632.0219999999972
2024-03-05 22:24:00+00:00,62526.5,TP,buy,1875.7949999999983
2024-03-07 04:00:00+00:00,65900.0,TP,buy,1977.0
2024-03-07 18:00:00+00:00,67705.9,SL,buy,-677.0589999999938
2024-03-08 03:00:00+00:00,67153.3,TP,buy,2014.599000000002
2024-03-08 22:00:00+00:00,68150.0,SL,buy,-681.5
2024-03-11 02:00:00+00:00,68376.6,TP,buy,2051.297999999995
2024-03-11 11:00:00+00:00,71625.6,SL,buy,-716.255999999994
2024-03-12 15:00:00+00:00,71164.0,SL,buy,-711.6399999999994
2024-03-12 19:00:00+00:00,71414.8,SL,buy,-714.148000000001
2024-03-13 00:00:00+00:00,71511.8,TP,buy,2145.3540000000066
2024-03-14 09:00:00+00:00,73439.0,SL,buy,-734.3899999999994
2024-03-14 12:00:00+00:00,72891.2,SL,buy,-728.9119999999966
2024-03-14 23:00:00+00:00,71534.3,SL,buy,-715.3429999999935
2024-03-15 05:00:00+00:00,67680.3,SL,buy,-676.8029999999999
2024-03-15 12:00:00+00:00,67707.8,TP,buy,2031.2339999999967
2024-03-16 05:00:00+00:00,69064.4,SL,buy,-690.6440000000002
2024-03-17 00:00:00+00:00,65624.0,SL,buy,-656.239999999998
2024-03-17 09:00:00+00:00,66544.6,TP,buy,1996.3380000000034
2024-03-18 19:00:00+00:00,67009.3,SL,buy,-670.0929999999935
2024-03-19 02:00:00+00:00,66021.5,SL,buy,-660.2150000000038
2024-03-19 03:34:00+00:00,65221.1,SL,buy,-652.211000000003
2024-03-19 13:00:00+00:00,63686.2,SL,buy,-636.862000000001
2024-03-19 17:00:00+00:00,64902.0,SL,buy,-649.0200000000041
2024-03-20 05:00:00+00:00,61714.9,SL,buy,-617.1489999999976
2024-03-20 05:12:00+00:00,61075.4,TP,buy,1832.2620000000024
2024-03-20 22:00:00+00:00,67702.2,SL,buy,-677.0219999999972
2024-03-21 04:00:00+00:00,66755.5,SL,buy,-667.5550000000076
2024-03-21 06:00:00+00:00,67092.9,SL,buy,-670.9290000000037
2024-03-21 19:00:00+00:00,65075.9,SL,buy,-650.7589999999982
2024-03-22 12:00:00+00:00,64324.2,SL,buy,-643.2419999999984
2024-03-22 22:00:00+00:00,62940.3,TP,buy,1888.2090000000026
2024-03-23 08:00:00+00:00,64704.2,SL,buy,-647.0420000000013
2024-03-24 01:00:00+00:00,64545.6,SL,buy,-645.4559999999983
2024-03-24 15:00:00+00:00,65647.5,SL,buy,-656.4749999999985
2024-03-24 19:00:00+00:00,65843.4,TP,buy,1975.301999999996
2024-03-25 20:00:00+00:00,71155.1,SL,buy,-711.5510000000068
2024-03-26 00:00:00+00:00,69934.6,SL,buy,-699.346000000005
2024-03-27 21:00:00+00:00,68990.3,TP,buy,2069.7090000000026
2024-03-28 13:00:00+00:00,70890.4,SL,buy,-708.903999999995
2024-03-29 11:00:00+00:00,70169.3,SL,buy,-701.6929999999993
2024-03-29 16:00:00+00:00,69323.8,TP,buy,2079.714000000007
2024-04-01 07:00:00+00:00,69660.9,SL,buy,-696.6089999999967
2024-04-01 23:00:00+00:00,69746.9,SL,buy,-697.4689999999973
2024-04-02 10:00:00+00:00,66110.4,SL,buy,-661.1039999999994
2024-04-02 10:48:00+00:00,65520.0,SL,buy,-655.1999999999971
2024-04-02 17:00:00+00:00,65620.9,SL,buy,-656.2090000000026
2024-04-03 00:33:00+00:00,64989.9,TP,buy,1949.6970000000074
2024-04-03 18:00:00+00:00,65898.2,SL,buy,-658.9820000000036
2024-04-04 10:00:00+00:00,66280.2,TP,buy,1988.4060000000027
2024-04-05 15:00:00+00:00,68231.9,SL,buy,-682.3190000000031
2024-04-06 08:00:00+00:00,67990.8,TP,buy,2039.724000000002
2024-04-08 00:00:00+00:00,69346.1,TP,buy,2080.3830000000016
2024-04-08 15:00:00+00:00,71848.5,SL,buy,-718.4850000000006
2024-04-09 18:00:00+00:00,68870.2,SL,buy,-688.7020000000048
2024-04-10 15:00:00+00:00,68692.3,TP,buy,2060.7690000000002
2024-04-11 01:00:00+00:00,70547.1,SL,buy,-705.471000000005
2024-04-11 16:00:00+00:00,70073.1,SL,buy,-700.7309999999998
2024-04-12 22:00:00+00:00,66949.4,SL,buy,-669.494000000006
2024-04-13 07:00:00+00:00,67544.0,SL,buy,-675.4400000000023
2024-04-14 01:00:00+00:00,63541.2,SL,buy,-635.4120000000039
2024-04-14 08:00:00+00:00,64401.5,SL,buy,-644.0149999999994
2024-04-15 03:00:00+00:00,65092.1,SL,buy,-650.9210000000021
2024-04-15 23:00:00+00:00,63362.1,SL,buy,-633.6209999999992
2024-04-16 09:00:00+00:00,63286.0,SL,buy,-632.8600000000006
2024-04-16 12:00:00+00:00,63015.0,SL,buy,-630.1500000000015
2024-04-16 23:00:00+00:00,63754.0,SL,buy,-637.5400000000009
2024-04-17 08:00:00+00:00,63438.3,SL,buy,-634.3830000000016
2024-04-18 02:00:00+00:00,61558.0,SL,buy,-615.5800000000017
2024-04-18 07:00:00+00:00,61108.0,TP,buy,1833.2400000000052
2024-04-18 16:00:00+00:00,63444.9,SL,buy,-634.4490000000005
2024-04-18 20:00:00+00:00,63359.4,SL,buy,-633.5939999999973
2024-04-19 07:00:00+00:00,64699.1,SL,buy,-646.9910000000018
2024-04-19 15:00:00+00:00,64349.5,SL,buy,-643.4950000000026
2024-04-20 05:00:00+00:00,64140.4,SL,buy,-641.4040000000023
2024-04-20 21:00:00+00:00,64663.9,TP,buy,1939.9170000000086
2024-04-22 20:00:00+00:00,66451.4,SL,buy,-664.5139999999956
2024-04-23 17:00:00+00:00,66737.8,SL,buy,-667.377999999997
2024-04-23 21:00:00+00:00,66303.8,SL,buy,-663.0380000000005
2024-04-25 03:00:00+00:00,64300.1,SL,buy,-643.0010000000038
2024-04-25 13:00:00+00:00,63506.4,SL,buy,-635.0639999999985
2024-04-25 13:20:00+00:00,62757.9,TP,buy,1882.737000000001
2024-04-25 18:00:00+00:00,64695.7,SL,buy,-646.9570000000022
2024-04-26 18:00:00+00:00,63968.5,SL,buy,-639.6849999999977
2024-04-27 04:00:00+00:00,63061.3,SL,buy,-630.6129999999976
2024-04-29 08:00:00+00:00,62393.3,SL,buy,-623.9329999999973
2024-04-29 20:00:00+00:00,62988.9,SL,buy,-629.8890000000029
2024-04-30 12:00:00+00:00,61166.7,SL,buy,-611.6670000000013
2024-04-30 17:00:00+00:00,60230.0,SL,buy,-602.3000000000029
2024-05-01 04:00:00+00:00,60228.6,SL,buy,-602.2860000000001
2024-05-01 09:00:00+00:00,57077.7,TP,buy,1712.3309999999983
2024-05-01 22:00:00+00:00,57949.7,SL,buy,-579.497000000003
2024-05-02 03:00:00+00:00,57489.9,TP,buy,1724.6970000000001
2024-05-02 19:00:00+00:00,59287.8,SL,buy,-592.877999999997
2024-05-03 00:00:00+00:00,59023.5,TP,buy,1770.7050000000017
2024-05-03 14:00:00+00:00,61689.0,TP,buy,1850.6699999999983
2024-05-04 03:00:00+00:00,62666.2,TP,buy,1879.9860000000044
2024-05-05 22:00:00+00:00,63785.9,SL,buy,-637.859000000004
2024-05-06 17:00:00+00:00,63216.5,SL,buy,-632.1650000000009
2024-05-08 12:00:00+00:00,62229.9,SL,buy,-622.2989999999991
2024-05-09 03:00:00+00:00,61646.7,SL,buy,-616.4669999999969
2024-05-10 01:00:00+00:00,62844.1,SL,buy,-628.4409999999989
2024-05-10 19:00:00+00:00,60672.8,TP,buy,1820.184000000001
2024-05-13 11:00:00+00:00,62612.3,SL,buy,-626.1229999999996
2024-05-14 07:00:00+00:00,62018.0,SL,buy,-620.1800000000003
2024-05-14 15:00:00+00:00,61754.0,SL,buy,-617.5400000000009
2024-05-14 20:00:00+00:00,61565.0,TP,buy,1846.9500000000044
2024-05-15 16:00:00+00:00,64739.8,TP,buy,1942.1940000000031
2024-05-16 19:00:00+00:00,65076.0,TP,buy,1952.2799999999988
2024-05-17 22:00:00+00:00,66743.9,SL,buy,-667.4389999999985
2024-05-20 03:00:00+00:00,66619.7,TP,buy,1998.5910000000003
2024-05-21 03:00:00+00:00,71269.5,SL,buy,-712.695000000007
2024-05-21 18:00:00+00:00,69944.0,SL,buy,-699.4400000000023
2024-05-21 21:00:00+00:00,69747.8,SL,buy,-697.4780000000028
2024-05-22 23:00:00+00:00,69197.7,SL,buy,-691.976999999999
2024-05-24 08:00:00+00:00,67170.4,TP,buy,2015.1120000000083
2024-05-24 18:16:00+00:00,69142.6,SL,buy,-691.4260000000068
2024-05-26 22:00:00+00:00,68580.2,TP,buy,2057.4060000000027
2024-05-27 17:00:00+00:00,70292.6,SL,buy,-702.9260000000068
2024-05-28 00:00:00+00:00,69446.4,SL,buy,-694.4640000000072
2024-05-29 04:00:00+00:00,68831.2,SL,buy,-688.3120000000054
2024-05-29 09:00:00+00:00,67912.6,SL,buy,-679.1260000000038
2024-05-29 22:00:00+00:00,67705.1,SL,buy,-677.0510000000068
2024-05-31 16:00:00+00:00,67354.5,SL,buy,-673.5449999999983
2024-05-31 16:19:00+00:00,66720.9,TP,buy,2001.6270000000077
2024-06-03 13:00:00+00:00,69740.0,SL,buy,-697.3999999999942
2024-06-03 18:00:00+00:00,69334.8,SL,buy,-693.3479999999981
2024-06-04 12:00:00+00:00,69018.0,TP,buy,2070.540000000008
2024-06-04 20:00:00+00:00,70391.1,SL,buy,-703.9110000000073
2024-06-07 20:00:00+00:00,69299.9,SL,buy,-692.9989999999962
2024-06-11 08:00:00+00:00,67522.7,SL,buy,-675.226999999999
2024-06-11 11:00:00+00:00,66923.1,SL,buy,-669.2309999999998
2024-06-11 23:00:00+00:00,67378.9,TP,buy,2021.3669999999984
2024-06-12 13:00:00+00:00,69420.0,SL,buy,-694.1999999999971
2024-06-13 00:00:00+00:00,68263.9,SL,buy,-682.6389999999956
2024-06-13 12:00:00+00:00,67678.5,SL,buy,-676.7850000000035
2024-06-13 17:00:00+00:00,66955.6,SL,buy,-669.5559999999969
2024-06-14 19:00:00+00:00,65467.8,SL,buy,-654.6779999999999
2024-06-18 03:00:00+00:00,65484.5,SL,buy,-654.8450000000012
2024-06-18 16:00:00+00:00,64607.6,SL,buy,-646.0760000000009
2024-06-21 17:00:00+00:00,63560.8,SL,buy,-635.6080000000002
2024-06-24 03:00:00+00:00,62797.1,SL,buy,-627.9709999999977
2024-06-24 12:00:00+00:00,61196.6,SL,buy,-611.9660000000003
2024-06-24 22:00:00+00:00,60034.5,TP,buy,1801.0350000000035
2024-06-25 17:00:00+00:00,61297.9,SL,buy,-612.9789999999994
2024-06-26 20:00:00+00:00,60990.0,SL,buy,-609.9000000000015
2024-06-28 22:00:00+00:00,60336.2,TP,buy,1810.086000000003
2024-07-01 03:00:00+00:00,63369.9,SL,buy,-633.6990000000005
2024-07-01 16:00:00+00:00,63128.8,SL,buy,-631.2880000000005
2024-07-02 09:00:00+00:00,62641.9,SL,buy,-626.4190000000017
2024-07-02 16:00:00+00:00,61865.0,SL,buy,-618.6500000000015
2024-07-03 11:00:00+00:00,60305.2,SL,buy,-603.0520000000033
2024-07-03 20:00:00+00:00,59703.9,SL,buy,-597.038999999997
2024-07-04 09:00:00+00:00,57739.5,SL,buy,-577.3950000000041
2024-07-04 09:12:00+00:00,57356.1,SL,buy,-573.5610000000015
2024-07-04 14:00:00+00:00,57494.9,SL,buy,-574.9490000000005
2024-07-04 14:28:00+00:00,56861.7,TP,buy,1705.8510000000024
2024-07-05 14:00:00+00:00,55846.9,TP,buy,1675.4069999999992
2024-07-07 05:00:00+00:00,57609.8,SL,buy,-576.0979999999981
2024-07-07 19:00:00+00:00,57112.0,SL,buy,-571.1200000000026
2024-07-08 05:00:00+00:00,55434.0,TP,buy,1663.020000000004
2024-07-08 12:00:00+00:00,57165.4,SL,buy,-571.6540000000023
2024-07-08 16:00:00+00:00,55816.6,TP,buy,1674.4979999999996
2024-07-09 09:00:00+00:00,57580.9,SL,buy,-575.8090000000011
2024-07-09 13:51:00+00:00,56998.9,TP,buy,1709.9670000000042
2024-07-10 14:00:00+00:00,57694.8,SL,buy,-576.948000000004
2024-07-11 06:00:00+00:00,57975.7,SL,buy,-579.7569999999978
2024-07-11 18:00:00+00:00,57772.2,SL,buy,-577.7220000000016
2024-07-11 23:00:00+00:00,57264.0,SL,buy,-572.6399999999994
2024-07-12 05:00:00+00:00,57026.6,TP,buy,1710.7980000000025
2024-07-13 15:00:00+00:00,58739.7,TP,buy,1762.190999999999
2024-07-15 04:00:00+00:00,62636.0,TP,buy,1879.0800000000017
2024-07-16 02:00:00+00:00,64766.9,SL,buy,-647.6690000000017
2024-07-16 07:00:00+00:00,63019.5,SL,buy,-630.1949999999997
2024-07-16 12:00:00+00:00,63739.2,SL,buy,-637.3919999999998
2024-07-16 17:00:00+00:00,64393.0,SL,buy,-643.9300000000003
2024-07-18 18:00:00+00:00,63533.2,TP,buy,1905.9959999999992
2024-07-19 18:00:00+00:00,66731.1,SL,buy,-667.3110000000015
2024-07-22 00:00:00+00:00,68212.1,SL,buy,-682.1209999999992
2024-07-22 10:00:00+00:00,67364.6,SL,buy,-673.6460000000079
2024-07-22 16:00:00+00:00,67061.8,SL,buy,-670.6180000000022
2024-07-23 09:00:00+00:00,66836.9,SL,buy,-668.369000000006
2024-07-23 18:00:00+00:00,65868.3,SL,buy,-658.6829999999973
2024-07-25 05:00:00+00:00,64180.0,SL,buy,-641.8000000000029
2024-07-25 15:00:00+00:00,64836.4,TP,buy,1945.091999999997
2024-07-26 03:00:00+00:00,66900.0,TP,buy,2007.0
2024-07-27 18:00:00+00:00,68529.2,SL,buy,-685.2920000000013
2024-07-28 00:00:00+00:00,67799.1,SL,buy,-677.9909999999945
2024-07-28 06:00:00+00:00,67421.2,TP,buy,2022.6359999999986
2024-07-29 04:00:00+00:00,69330.3,SL,buy,-693.3029999999999
2024-07-29 20:00:00+00:00,67249.0,SL,buy,-672.4900000000052
2024-07-30 10:00:00+00:00,66617.7,SL,buy,-666.176999999996
2024-07-30 18:00:00+00:00,65819.5,SL,buy,-658.1949999999997
2024-07-31 22:00:00+00:00,64897.1,SL,buy,-648.9709999999977
2024-08-01 09:00:00+00:00,64480.1,SL,buy,-644.8009999999995
2024-08-01 16:00:00+00:00,62835.6,TP,buy,1885.0679999999993
2024-08-02 04:00:00+00:00,64598.0,SL,buy,-645.9800000000032
2024-08-02 20:00:00+00:00,62703.8,SL,buy,-627.0380000000005
2024-08-02 20:27:00+00:00,62146.4,SL,buy,-621.4639999999999
2024-08-03 08:00:00+00:00,61629.9,SL,buy,-616.2989999999991
2024-08-03 16:00:00+00:00,60908.8,SL,buy,-609.0880000000034
2024-08-03 19:00:00+00:00,60162.0,SL,buy,-601.6200000000026
2024-08-05 08:00:00+00:00,52641.2,SL,buy,-526.4120000000039
2024-08-05 09:47:00+00:00,51973.9,SL,buy,-519.7390000000014
2024-08-05 11:00:00+00:00,51279.6,SL,buy,-512.7960000000021
2024-08-05 11:28:00+00:00,50934.1,SL,buy,-509.34100000000035
2024-08-05 21:00:00+00:00,54413.0,SL,buy,-544.1299999999974
2024-08-06 02:00:00+00:00,55750.0,SL,buy,-557.5
2024-08-06 19:00:00+00:00,56646.1,SL,buy,-566.461000000003
2024-08-07 06:00:00+00:00,56790.1,SL,buy,-567.900999999998
2024-08-07 15:00:00+00:00,56053.3,SL,buy,-560.5330000000031
2024-08-07 19:00:00+00:00,54817.7,TP,buy,1644.5310000000027
2024-08-08 07:00:00+00:00,57166.0,TP,buy,1714.9800000000032
2024-08-08 19:00:00+00:00,59333.8,TP,buy,1780.0140000000029
2024-08-09 07:00:00+00:00,60852.3,SL,buy,-608.523000000001
2024-08-09 20:00:00+00:00,60686.0,SL,buy,-606.8600000000006
2024-08-09 21:05:00+00:00,60414.1,SL,buy,-604.1410000000033
2024-08-11 22:00:00+00:00,59005.3,SL,buy,-590.0529999999999
2024-08-12 04:00:00+00:00,58513.4,SL,buy,-585.1339999999982
2024-08-12 09:00:00+00:00,58329.8,SL,buy,-583.2980000000025
2024-08-12 15:00:00+00:00,60250.2,SL,buy,-602.5020000000004
2024-08-12 15:23:00+00:00,59524.0,SL,buy,-595.239999999998
2024-08-12 22:00:00+00:00,58967.3,TP,buy,1769.0190000000002
2024-08-13 17:00:00+00:00,61118.0,SL,buy,-611.1800000000003
2024-08-13 19:16:00+00:00,60490.5,SL,buy,-604.9049999999988
2024-08-14 17:00:00+00:00,59090.6,SL,buy,-590.9060000000027
2024-08-14 22:03:00+00:00,58447.4,SL,buy,-584.474000000002
2024-08-15 09:00:00+00:00,58315.5,SL,buy,-583.1549999999988
2024-08-15 22:00:00+00:00,57507.7,TP,buy,1725.2309999999998
2024-08-16 22:00:00+00:00,59075.1,SL,buy,-590.7510000000038
2024-08-19 10:00:00+00:00,58010.9,TP,buy,1740.3270000000048
2024-08-20 01:00:00+00:00,60488.9,SL,buy,-604.8890000000029
2024-08-20 16:00:00+00:00,58745.1,TP,buy,1762.3530000000028
2024-08-21 21:00:00+00:00,61147.0,SL,buy,-611.4700000000012
2024-08-22 06:00:00+00:00,60678.0,SL,buy,-606.7799999999988
2024-08-22 19:00:00+00:00,60328.0,TP,buy,1809.8400000000038
2024-08-23 20:00:00+00:00,63566.4,SL,buy,-635.663999999997
2024-08-27 12:00:00+00:00,62350.0,SL,buy,-623.5
2024-08-27 19:00:00+00:00,62042.4,SL,buy,-620.4239999999991
2024-08-28 02:00:00+00:00,59358.8,SL,buy,-593.5880000000034
2024-08-28 12:00:00+00:00,59860.3,SL,buy,-598.6030000000028
2024-08-28 22:00:00+00:00,59126.6,TP,buy,1773.7980000000025
2024-08-29 15:00:00+00:00,60800.0,SL,buy,-608.0
2024-08-29 21:00:00+00:00,59456.5,SL,buy,-594.5650000000023
2024-08-30 01:00:00+00:00,59146.3,SL,buy,-591.4630000000034
2024-08-30 21:00:00+00:00,59004.3,SL,buy,-590.0429999999978
2024-09-01 03:00:00+00:00,58482.5,SL,buy,-584.8249999999971
2024-09-01 17:00:00+00:00,58109.0,SL,buy,-581.0900000000038
2024-09-01 23:00:00+00:00,57299.9,TP,buy,1718.997000000003
2024-09-03 04:00:00+00:00,59090.1,SL,buy,-590.900999999998
2024-09-03 16:00:00+00:00,57715.1,SL,buy,-577.150999999998
2024-09-04 03:00:00+00:00,56585.4,TP,buy,1697.561999999998
2024-09-04 20:00:00+00:00,58000.0,SL,buy,-580.0
2024-09-05 05:00:00+00:00,57188.4,SL,buy,-571.8839999999982
2024-09-05 10:00:00+00:00,56735.8,SL,buy,-567.3580000000002
2024-09-05 20:00:00+00:00,56020.3,SL,buy,-560.2030000000013
2024-09-06 08:00:00+00:00,55772.0,SL,buy,-557.7200000000012
2024-09-06 16:00:00+00:00,54022.8,SL,buy,-540.2280000000028
2024-09-07 00:00:00+00:00,53912.4,TP,buy,1617.372000000003
2024-09-09 18:00:00+00:00,56528.1,SL,buy,-565.2810000000027
2024-09-12 06:00:00+00:00,57915.2,SL,buy,-579.1520000000019
2024-09-12 15:00:00+00:00,57434.7,TP,buy,1723.0410000000047
2024-09-13 19:00:00+00:00,59721.0,SL,buy,-597.2099999999991
2024-09-16 08:00:00+00:00,58872.7,SL,buy,-588.726999999999
2024-09-16 22:00:00+00:00,58026.0,TP,buy,1740.7799999999988
2024-09-17 23:00:00+00:00,60154.5,SL,buy,-601.5449999999983
2024-09-18 14:00:00+00:00,59429.0,TP,buy,1782.8700000000026
2024-09-18 21:00:00+00:00,60263.0,TP,buy,1807.8899999999994
2024-09-19 04:00:00+00:00,62090.6,TP,buy,1862.7180000000008
2024-09-20 05:00:00+00:00,63774.5,SL,buy,-637.7450000000026
2024-09-20 12:00:00+00:00,63413.0,SL,buy,-634.1299999999974
2024-09-20 20:00:00+00:00,62845.9,TP,buy,1885.3770000000004
2024-09-23 08:00:00+00:00,63519.6,SL,buy,-635.1960000000036
2024-09-24 01:00:00+00:00,62850.1,TP,buy,1885.5030000000042
2024-09-25 02:00:00+00:00,64429.9,SL,buy,-644.2989999999991
2024-09-25 07:00:00+00:00,63797.0,SL,buy,-637.9700000000012
2024-09-26 11:00:00+00:00,64412.8,TP,buy,1932.3840000000055
2024-09-27 18:00:00+00:00,65890.7,SL,buy,-658.9069999999992
2024-10-01 02:00:00+00:00,63375.4,SL,buy,-633.7540000000008
2024-10-01 15:00:00+00:00,62545.5,SL,buy,-625.4550000000017
2024-10-01 15:06:00+00:00,62013.3,SL,buy,-620.1330000000016
2024-10-01 23:00:00+00:00,60707.8,SL,buy,-607.0780000000013
2024-10-02 22:00:00+00:00,60757.3,SL,buy,-607.573000000004
2024-10-03 21:00:00+00:00,60794.0,TP,buy,1823.8199999999997
2024-10-06 15:00:00+00:00,62713.8,SL,buy,-627.137999999999
2024-10-08 04:00:00+00:00,62658.9,SL,buy,-626.5889999999999
2024-10-08 10:00:00+00:00,62531.4,SL,buy,-625.3139999999985
2024-10-08 21:00:00+00:00,62340.3,SL,buy,-623.4029999999984
2024-10-10 03:00:00+00:00,60838.9,SL,buy,-608.3890000000029
2024-10-10 22:00:00+00:00,60087.3,TP,buy,1802.6189999999988
2024-10-11 16:00:00+00:00,62336.6,TP,buy,1870.0979999999981
2024-10-14 10:00:00+00:00,64810.0,TP,buy,1944.300000000003
2024-10-15 17:00:00+00:00,66941.9,SL,buy,-669.4189999999944
2024-10-15 21:20:00+00:00,66186.5,TP,buy,1985.5950000000012
2024-10-16 21:00:00+00:00,67578.3,SL,buy,-675.7829999999958
2024-10-17 10:32:00+00:00,66890.7,TP,buy,2006.721000000005
2024-10-18 21:00:00+00:00,68378.5,SL,buy,-683.7850000000035
2024-10-21 14:00:00+00:00,67388.1,SL,buy,-673.880999999994
2024-10-22 06:00:00+00:00,67639.5,SL,buy,-676.3950000000041
2024-10-22 09:00:00+00:00,66973.0,SL,buy,-669.7299999999959
2024-10-23 09:09:00+00:00,66324.6,SL,buy,-663.2459999999992
2024-10-24 05:00:00+00:00,67388.0,SL,buy,-673.8800000000047
2024-10-25 23:00:00+00:00,66587.4,SL,buy,-665.8739999999962
2024-10-25 23:13:00+00:00,65835.1,TP,buy,1975.0529999999999
2024-10-28 04:00:00+00:00,67685.0,TP,buy,2030.550000000003
2024-10-28 20:00:00+00:00,69576.6,TP,buy,2087.297999999995
2024-10-29 17:00:00+00:00,72787.6,SL,buy,-727.8760000000038
2024-10-29 21:00:00+00:00,72312.1,SL,buy,-723.1209999999992
2024-10-30 22:00:00+00:00,72355.2,SL,buy,-723.551999999996
2024-10-31 22:00:00+00:00,70437.5,SL,buy,-704.375
2024-11-01 05:00:00+00:00,69601.1,SL,buy,-696.0109999999986
2024-11-01 20:00:00+00:00,69244.0,SL,buy,-692.4400000000023
2024-11-04 00:00:00+00:00,68700.1,SL,buy,-687.0010000000038
2024-11-05 01:00:00+00:00,67991.0,TP,buy,2039.729999999996
2024-11-06 01:00:00+00:00,71270.8,TP,buy,2138.123999999996
2024-11-06 04:00:00+00:00,74619.9,SL,buy,-746.1990000000078
2024-11-06 08:00:00+00:00,73582.1,SL,buy,-735.8209999999963
2024-11-06 08:04:00+00:00,73000.1,TP,buy,2190.002999999997
2024-11-06 23:00:00+00:00,75724.1,SL,buy,-757.2409999999945
2024-11-07 05:00:00+00:00,74821.4,TP,buy,2244.642000000007
2024-11-09 04:00:00+00:00,76376.8,TP,buy,2291.3040000000037
2024-11-10 13:00:00+00:00,79680.4,SL,buy,-796.8040000000037
2024-11-11 12:00:00+00:00,82150.1,TP,buy,2464.502999999997
2024-11-12 05:00:00+00:00,88575.3,SL,buy,-885.752999999997
2024-11-12 13:00:00+00:00,86319.8,SL,buy,-863.198000000004
2024-11-12 13:36:00+00:00,85472.3,TP,buy,2564.169000000009
2024-11-12 19:00:00+00:00,88694.7,SL,buy,-886.9470000000001
2024-11-13 00:00:00+00:00,87934.5,SL,buy,-879.3450000000012
2024-11-13 04:31:00+00:00,87076.6,SL,buy,-870.7660000000033
2024-11-13 06:34:00+00:00,86184.0,TP,buy,2585.520000000004
2024-11-13 17:00:00+00:00,92456.3,SL,buy,-924.5629999999946
2024-11-14 17:00:00+00:00,89056.7,SL,buy,-890.5669999999955
2024-11-15 12:00:00+00:00,89737.1,SL,buy,-897.3709999999992
2024-11-16 00:00:00+00:00,91200.5,SL,buy,-912.0050000000047
2024-11-17 15:00:00+00:00,90432.7,SL,buy,-904.3270000000048
2024-11-18 10:00:00+00:00,91930.0,SL,buy,-919.3000000000029
2024-11-18 22:00:00+00:00,91402.7,SL,buy,-914.0270000000019
2024-11-19 04:00:00+00:00,91522.1,TP,buy,2745.6630000000005
2024-11-20 21:00:00+00:00,94272.6,TP,buy,2828.178
2024-11-21 07:00:00+00:00,97048.0,SL,buy,-970.4799999999959
2024-11-21 23:00:00+00:00,98416.5,SL,buy,-984.1650000000081
2024-11-22 17:00:00+00:00,98875.2,SL,buy,-988.7520000000077
2024-11-23 23:00:00+00:00,97724.0,SL,buy,-977.2400000000052
2024-11-25 06:00:00+00:00,98202.8,SL,buy,-982.0280000000057
2024-11-25 16:00:00+00:00,96025.6,SL,buy,-960.255999999994
2024-11-26 03:00:00+00:00,94644.0,SL,buy,-946.4400000000023
2024-11-26 11:00:00+00:00,92432.1,SL,buy,-924.3209999999963
2024-11-26 11:46:00+00:00,91653.5,TP,buy,2749.604999999996
2024-11-27 00:00:00+00:00,92113.0,TP,buy,2763.3899999999994
2024-11-28 06:00:00+00:00,95521.2,TP,buy,2865.6359999999986
2024-11-29 15:07:00+00:00,98391.1,SL,buy,-983.9110000000073
2024-11-29 20:00:00+00:00,97353.0,SL,buy,-973.5299999999988
2024-11-30 19:00:00+00:00,96979.5,SL,buy,-969.7949999999983
2024-12-01 06:00:00+00:00,96421.7,SL,buy,-964.2170000000042
2024-12-02 22:00:00+00:00,95495.9,SL,buy,-954.9590000000026
2024-12-03 19:00:00+00:00,95339.0,TP,buy,2860.1699999999983
2024-12-05 09:00:00+00:00,102940.0,SL,buy,-1029.3999999999942
2024-12-05 20:00:00+00:00,99128.0,SL,buy,-991.2799999999988
2024-12-05 20:18:00+00:00,98133.7,SL,buy,-981.3369999999995
2024-12-06 03:00:00+00:00,97487.3,TP,buy,2924.619000000006
2024-12-06 19:00:00+00:00,101408.4,SL,buy,-1014.0840000000026
2024-12-07 07:00:00+00:00,99379.5,SL,buy,-993.7949999999983
2024-12-09 05:00:00+00:00,99504.1,SL,buy,-995.0409999999974
2024-12-09 16:00:00+00:00,97918.8,SL,buy,-979.1879999999946
2024-12-09 22:00:00+00:00,97183.7,SL,buy,-971.8369999999995
2024-12-09 22:21:00+00:00,96163.7,SL,buy,-961.6370000000024
2024-12-09 22:22:00+00:00,95536.4,SL,buy,-955.3640000000014
2024-12-10 22:00:00+00:00,96911.6,SL,buy,-969.1159999999945
2024-12-11 05:00:00+00:00,97536.3,TP,buy,2926.089000000007
2024-12-11 23:00:00+00:00,101315.5,SL,buy,-1013.1549999999988
2024-12-13 00:00:00+00:00,99932.3,TP,buy,2997.9689999999973
2024-12-15 17:00:00+00:00,103109.4,TP,buy,3093.2820000000065
2024-12-16 01:00:00+00:00,105582.9,SL,buy,-1055.828999999998
2024-12-16 03:00:00+00:00,104558.1,SL,buy,-1045.5810000000056
2024-12-16 18:00:00+00:00,107027.6,SL,buy,-1070.275999999998
2024-12-17 19:00:00+00:00,106677.0,SL,buy,-1066.770000000004
2024-12-18 00:00:00+00:00,106104.6,SL,buy,-1061.046000000002
2024-12-18 02:00:00+00:00,105077.7,SL,buy,-1050.7770000000019
2024-12-19 06:00:00+00:00,101275.4,SL,buy,-1012.7540000000008
2024-12-19 16:00:00+00:00,100568.1,SL,buy,-1005.6809999999969
2024-12-19 18:00:00+00:00,98693.3,SL,buy,-986.9330000000045
2024-12-19 18:13:00+00:00,97712.0,SL,buy,-977.1199999999953
2024-12-20 19:00:00+00:00,96898.4,SL,buy,-968.9839999999967
2024-12-21 02:00:00+00:00,97287.3,SL,buy,-972.8730000000069
2024-12-22 13:00:00+00:00,96981.1,SL,buy,-969.8110000000015
2024-12-22 15:00:00+00:00,95382.5,SL,buy,-953.8249999999971
2024-12-23 01:00:00+00:00,94343.1,SL,buy,-943.4309999999969
2024-12-24 04:00:00+00:00,94257.3,TP,buy,2827.7189999999973
2024-12-24 23:00:00+00:00,98753.9,SL,buy,-987.5390000000043
2024-12-25 05:00:00+00:00,98192.6,SL,buy,-981.9260000000068
2024-12-26 10:00:00+00:00,95405.8,SL,buy,-954.0580000000045
2024-12-27 21:00:00+00:00,94596.9,SL,buy,-945.9689999999973
2024-12-29 17:00:00+00:00,93770.0,SL,buy,-937.6999999999971
2024-12-30 16:00:00+00:00,91992.4,TP,buy,2759.771999999997
2024-12-30 20:13:00+00:00,94676.1,SL,buy,-946.7609999999986
2024-12-30 23:00:00+00:00,92669.6,TP,buy,2780.0880000000034
2024-12-31 23:00:00+00:00,93403.2,TP,buy,2802.096000000005
2025-01-02 10:00:00+00:00,96639.1,TP,buy,2899.17300000001
2025-01-06 09:00:00+00:00,99039.6,TP,buy,2971.188000000009
2025-01-06 16:00:00+00:00,102080.1,SL,buy,-1020.8010000000068
2025-01-07 20:00:00+00:00,96335.6,SL,buy,-963.3559999999998
2025-01-08 19:00:00+00:00,94280.1,SL,buy,-942.8010000000068
2025-01-09 10:00:00+00:00,93487.2,SL,buy,-934.872000000003
2025-01-09 16:00:00+00:00,94221.9,SL,buy,-942.2189999999973
2025-01-09 20:00:00+00:00,91935.7,TP,buy,2758.0709999999963
2025-01-10 12:00:00+00:00,95004.4,SL,buy,-950.0439999999944
2025-01-10 16:00:00+00:00,93603.1,SL,buy,-936.0310000000027
2025-01-13 18:00:00+00:00,92072.9,TP,buy,2762.1870000000054
2025-01-14 00:20:00+00:00,94752.2,TP,buy,2842.566000000006
2025-01-15 16:00:00+00:00,99094.4,SL,buy,-990.9440000000031
2025-01-16 16:00:00+00:00,99194.7,TP,buy,2975.8410000000003
2025-01-17 21:00:00+00:00,104626.4,SL,buy,-1046.2639999999956
2025-01-18 04:00:00+00:00,103478.1,SL,buy,-1034.7810000000027
2025-01-18 10:00:00+00:00,103083.5,TP,buy,3092.5050000000047
2025-01-19 20:00:00+00:00,106136.8,SL,buy,-1061.3680000000022
2025-01-20 03:00:00+00:00,101732.9,TP,buy,3051.9870000000083
2025-01-20 09:00:00+00:00,108291.0,SL,buy,-1082.9100000000035
2025-01-20 14:00:00+00:00,107926.3,SL,buy,-1079.2630000000063
2025-01-20 19:00:00+00:00,103656.3,SL,buy,-1036.5629999999946
2025-01-21 13:00:00+00:00,104522.7,SL,buy,-1045.226999999999
2025-01-22 03:00:00+00:00,105618.8,SL,buy,-1056.1879999999946
2025-01-23 10:00:00+00:00,101691.0,TP,buy,3050.729999999996
2025-01-23 15:00:00+00:00,105056.3,SL,buy,-1050.5629999999946
2025-01-23 15:07:00+00:00,103611.8,TP,buy,3108.3540000000066
2025-01-23 16:15:00+00:00,106713.0,SL,buy,-1067.1300000000047
2025-01-23 16:20:00+00:00,105728.3,SL,buy,-1057.2829999999958
2025-01-23 23:00:00+00:00,103932.0,SL,buy,-1039.320000000007
2025-01-24 07:00:00+00:00,104974.8,SL,buy,-1049.7480000000069
2025-01-27 05:00:00+00:00,100405.0,SL,buy,-1004.0500000000029
2025-01-27 07:00:00+00:00,99107.0,SL,buy,-991.070000000007
2025-01-27 07:20:00+00:00,98132.4,TP,buy,2943.972000000009
2025-01-27 13:09:00+00:00,101276.1,SL,buy,-1012.7609999999986
2025-01-27 13:51:00+00:00,100247.8,SL,buy,-1002.4780000000028
2025-01-27 18:00:00+00:00,99114.0,TP,buy,2973.4199999999983
2025-01-27 21:08:00+00:00,102109.9,SL,buy,-1021.099000000002
2025-01-27 21:41:00+00:00,101076.0,TP,buy,3032.279999999999
2025-01-30 05:00:00+00:00,105431.5,SL,buy,-1054.3150000000023
2025-01-31 03:00:00+00:00,104235.8,SL,buy,-1042.3580000000075
2025-02-01 00:00:00+00:00,102253.5,SL,buy,-1022.5350000000035
2025-02-01 23:00:00+00:00,100451.1,SL,buy,-1004.5109999999986
2025-02-02 06:00:00+00:00,100122.6,SL,buy,-1001.2259999999951
2025-02-03 02:00:00+00:00,93727.0,SL,buy,-937.2700000000041
2025-02-03 02:06:00+00:00,92307.2,SL,buy,-923.0720000000001
2025-02-03 02:07:00+00:00,91221.6,TP,buy,2736.648000000001
2025-02-03 02:12:00+00:00,93588.8,SL,buy,-935.8880000000063
2025-02-03 08:00:00+00:00,95211.9,SL,buy,-952.119000000006
2025-02-03 22:00:00+00:00,101811.9,SL,buy,-1018.119000000006
2025-02-04 09:00:00+00:00,98321.8,SL,buy,-983.218000000008
2025-02-04 23:00:00+00:00,97550.9,SL,buy,-975.5090000000055
2025-02-05 20:00:00+00:00,97369.1,SL,buy,-973.6910000000062
2025-02-06 03:00:00+00:00,97254.7,SL,buy,-972.5470000000059
2025-02-07 00:00:00+00:00,96590.0,TP,buy,2897.699999999997
2025-02-07 22:00:00+00:00,95724.6,SL,buy,-957.2459999999992
2025-02-10 05:00:00+00:00,96863.4,SL,buy,-968.6340000000055
2025-02-12 06:00:00+00:00,95826.8,SL,buy,-958.2679999999964
2025-02-12 23:00:00+00:00,97900.0,SL,buy,-979.0
2025-02-13 07:00:00+00:00,95904.7,TP,buy,2877.1410000000033
2025-02-15 00:00:00+00:00,97421.0,SL,buy,-974.2100000000064
2025-02-17 03:00:00+00:00,96154.2,SL,buy,-961.5420000000013
2025-02-18 10:00:00+00:00,95781.1,SL,buy,-957.8110000000015
2025-02-19 05:00:00+00:00,95188.3,TP,buy,2855.649000000005
2025-02-20 20:00:00+00:00,98350.2,SL,buy,-983.5020000000077
2025-02-22 00:00:00+00:00,96196.3,SL,buy,-961.9630000000034
2025-02-24 07:00:00+00:00,95915.1,SL,buy,-959.150999999998
2025-02-24 20:00:00+00:00,93905.3,SL,buy,-939.0529999999999
2025-02-25 15:00:00+00:00,86515.7,TP,buy,2595.471000000005
2025-02-25 22:04:00+00:00,89220.0,SL,buy,-892.1999999999971
2025-02-26 15:00:00+00:00,87756.8,SL,buy,-877.5679999999993
2025-02-26 23:00:00+00:00,84505.1,TP,buy,2535.1530000000057
2025-02-27 18:00:00+00:00,84712.4,SL,buy,-847.1239999999962
2025-02-27 23:00:00+00:00,84515.6,SL,buy,-845.1560000000027
2025-02-28 04:00:00+00:00,80482.7,SL,buy,-804.8270000000048
2025-02-28 04:04:00+00:00,79593.6,SL,buy,-795.9360000000015
2025-02-28 19:00:00+00:00,84560.1,SL,buy,-845.6009999999951
2025-02-28 21:00:00+00:00,84131.4,TP,buy,2523.9419999999955
2025-03-02 21:00:00+00:00,94330.3,SL,buy,-943.3029999999999
2025-03-03 16:00:00+00:00,90187.5,SL,buy,-901.875
2025-03-04 00:00:00+00:00,86080.0,SL,buy,-860.8000000000029
2025-03-04 03:00:00+00:00,84033.6,SL,buy,-840.3359999999957
2025-03-04 11:00:00+00:00,83884.9,SL,buy,-838.849000000002
2025-03-04 22:00:00+00:00,87474.3,SL,buy,-874.7430000000022
2025-03-05 04:00:00+00:00,86733.0,TP,buy,2601.9900000000052
2025-03-05 18:00:00+00:00,89510.0,TP,buy,2685.300000000003
2025-03-06 11:00:00+00:00,91149.7,SL,buy,-911.497000000003
2025-03-06 19:00:00+00:00,88346.1,TP,buy,2650.3830000000016
2025-03-07 06:00:00+00:00,88103.0,TP,buy,2643.0899999999965
2025-03-07 23:00:00+00:00,86569.7,SL,buy,-865.6970000000001
2025-03-08 02:00:00+00:00,86141.7,SL,buy,-861.4170000000013
2025-03-09 19:00:00+00:00,82690.4,SL,buy,-826.903999999995
2025-03-10 06:00:00+00:00,82248.1,SL,buy,-822.4809999999998
2025-03-10 22:00:00+00:00,79477.8,SL,buy,-794.7780000000057
2025-03-11 11:00:00+00:00,81714.7,SL,buy,-817.1469999999972
2025-03-11 17:00:00+00:00,81222.0,TP,buy,2436.6600000000035
2025-03-12 09:00:00+00:00,82707.3,SL,buy,-827.073000000004
2025-03-12 17:00:00+00:00,81954.7,SL,buy,-819.5470000000059
2025-03-14 04:00:00+00:00,81936.8,TP,buy,2458.1040000000066
2025-03-14 16:00:00+00:00,84820.0,SL,buy,-848.1999999999971
2025-03-14 16:34:00+00:00,84116.1,SL,buy,-841.1610000000073
2025-03-16 15:00:00+00:00,83260.0,SL,buy,-832.6000000000058
2025-03-17 02:00:00+00:00,83180.0,SL,buy,-831.8000000000029
2025-03-18 10:00:00+00:00,82840.9,SL,buy,-828.4089999999997
2025-03-18 21:00:00+00:00,82005.9,TP,buy,2460.176999999996
2025-03-20 07:00:00+00:00,85734.5,SL,buy,-857.3450000000012
2025-03-20 18:00:00+00:00,84046.3,SL,buy,-840.4630000000034
2025-03-22 06:00:00+00:00,84283.7,TP,buy,2528.5109999999986
2025-03-24 18:00:00+00:00,88370.6,SL,buy,-883.7060000000056
2025-03-24 23:00:00+00:00,87441.4,SL,buy,-874.4140000000043
2025-03-25 04:00:00+00:00,86373.0,SL,buy,-863.7299999999959
2025-03-28 08:00:00+00:00,85205.2,SL,buy,-852.051999999996
2025-03-28 20:00:00+00:00,83803.2,SL,buy,-838.0320000000065
2025-03-29 18:00:00+00:00,82254.2,SL,buy,-822.5420000000013
2025-03-31 02:00:00+00:00,81852.5,TP,buy,2455.574999999997
2025-04-01 13:00:00+00:00,83643.1,SL,buy,-836.4309999999969
2025-04-01 17:00:00+00:00,85051.6,SL,buy,-850.5160000000033
2025-04-02 06:00:00+00:00,84020.9,TP,buy,2520.6270000000077
2025-04-03 02:00:00+00:00,83767.2,SL,buy,-837.6720000000059
2025-04-03 17:00:00+00:00,81848.4,TP,buy,2455.452000000005
2025-04-04 19:00:00+00:00,83934.2,SL,buy,-839.3420000000042
2025-04-06 00:00:00+00:00,83478.3,SL,buy,-834.7829999999958
2025-04-06 11:18:00+00:00,82640.0,SL,buy,-826.3999999999942
2025-04-06 21:00:00+00:00,78880.1,SL,buy,-788.8010000000068
2025-04-07 00:00:00+00:00,78300.0,SL,buy,-783.0
2025-04-07 00:13:00+00:00,77485.0,SL,buy,-774.8500000000058
2025-04-07 05:00:00+00:00,77137.3,SL,buy,-771.3730000000069
2025-04-07 09:00:00+00:00,76194.9,TP,buy,2285.847000000009
2025-04-08 03:00:00+00:00,79930.1,SL,buy,-799.3010000000068
2025-04-08 13:00:00+00:00,79815.8,SL,buy,-798.1579999999958
2025-04-08 15:00:00+00:00,78544.3,SL,buy,-785.4429999999993
2025-04-08 17:00:00+00:00,77269.5,SL,buy,-772.695000000007
2025-04-08 21:00:00+00:00,77126.3,SL,buy,-771.2630000000063
2025-04-09 21:00:00+00:00,83240.5,SL,buy,-832.4049999999988
2025-04-10 01:00:00+00:00,82372.9,SL,buy,-823.7290000000066
2025-04-10 06:00:00+00:00,82086.1,SL,buy,-820.8610000000044
2025-04-10 08:00:00+00:00,81624.8,SL,buy,-816.2480000000069
2025-04-10 22:00:00+00:00,79660.4,TP,buy,2389.8120000000054
2025-04-11 12:00:00+00:00,82205.2,SL,buy,-822.051999999996
2025-04-11 20:00:00+00:00,83777.9,SL,buy,-837.778999999995
2025-04-12 22:00:00+00:00,85419.2,SL,buy,-854.1919999999955
2025-04-13 18:00:00+00:00,84722.3,SL,buy,-847.2229999999981
2025-04-14 06:00:00+00:00,84520.0,SL,buy,-845.1999999999971
2025-04-14 19:00:00+00:00,84989.3,SL,buy,-849.8929999999964
2025-04-15 20:00:00+00:00,83900.1,SL,buy,-839.0010000000038
2025-04-16 13:00:00+00:00,83722.1,TP,buy,2511.6630000000005
2025-04-21 06:00:00+00:00,87552.8,SL,buy,-875.5280000000057
2025-04-21 13:00:00+00:00,87037.3,TP,buy,2611.119000000006
2025-04-24 13:00:00+00:00,92714.6,TP,buy,2781.438000000009
2025-04-26 02:00:00+00:00,94922.6,SL,buy,-949.2259999999951
2025-04-27 16:00:00+00:00,93825.2,SL,buy,-938.2520000000077
2025-04-28 08:00:00+00:00,94698.7,SL,buy,-946.9869999999937
2025-04-29 00:00:00+00:00,94925.2,SL,buy,-949.2520000000077
2025-04-30 01:00:00+00:00,94531.9,SL,buy,-945.3190000000031
2025-04-30 18:00:00+00:00,94016.2,TP,buy,2820.4860000000044
2025-05-01 15:00:00+00:00,96795.8,SL,buy,-967.9579999999987
2025-05-03 17:00:00+00:00,96144.8,SL,buy,-961.448000000004
2025-05-05 06:00:00+00:00,94700.9,SL,buy,-947.0090000000055
2025-05-06 02:00:00+00:00,94297.0,SL,buy,-942.9700000000012
2025-05-06 21:00:00+00:00,94643.9,TP,buy,2839.3169999999955
2025-05-07 08:00:00+00:00,96917.1,SL,buy,-969.1710000000021
2025-05-08 01:00:00+00:00,98133.9,TP,buy,2944.017000000007
2025-05-09 09:00:00+00:00,102975.1,SL,buy,-1029.7510000000038
2025-05-12 23:00:00+00:00,102862.6,SL,buy,-1028.6260000000038
2025-05-13 08:00:00+00:00,102711.0,SL,buy,-1027.1100000000006
2025-05-15 10:00:00+00:00,101760.5,TP,buy,3052.8150000000023
2025-05-19 05:00:00+00:00,102761.9,TP,buy,3082.8570000000036
2025-05-20 09:00:00+00:00,105169.5,TP,buy,3155.0850000000064
2025-05-22 01:00:00+00:00,110095.0,SL,buy,-1100.949999999997
2025-05-23 14:00:00+00:00,109778.2,SL,buy,-1097.7820000000065
2025-05-23 19:00:00+00:00,108721.1,SL,buy,-1087.2109999999957
2025-05-24 00:00:00+00:00,107155.9,TP,buy,3214.676999999996
2025-05-26 19:00:00+00:00,108911.5,SL,buy,-1089.1150000000052
2025-05-27 04:00:00+00:00,108832.3,SL,buy,-1088.323000000004
2025-05-29 07:00:00+00:00,107853.9,SL,buy,-1078.5390000000043
2025-05-29 14:31:00+00:00,106775.3,SL,buy,-1067.752999999997
2025-05-30 03:00:00+00:00,105932.2,SL,buy,-1059.3220000000001
2025-05-30 20:00:00+00:00,104590.0,SL,buy,-1045.8999999999942
2025-05-31 00:19:00+00:00,103632.1,SL,buy,-1036.3209999999963
2025-06-05 22:00:00+00:00,101417.6,TP,buy,3042.5280000000057
2025-06-07 11:00:00+00:00,105083.2,TP,buy,3152.495999999999
2025-06-10 04:00:00+00:00,109519.0,SL,buy,-1095.1900000000023
2025-06-10 17:00:00+00:00,108693.5,SL,buy,-1086.9349999999977
2025-06-12 05:00:00+00:00,107700.0,SL,buy,-1077.0
2025-06-12 21:00:00+00:00,105806.2,SL,buy,-1058.0620000000054
2025-06-13 01:00:00+00:00,103680.0,SL,buy,-1036.800000000003
2025-06-13 01:11:00+00:00,102808.1,TP,buy,3084.243000000002
2025-06-14 07:00:00+00:00,105044.0,TP,buy,3151.320000000007
2025-06-17 01:00:00+00:00,107212.9,SL,buy,-1072.1290000000008
2025-06-18 01:00:00+00:00,104790.0,SL,buy,-1047.8999999999942
2025-06-18 23:00:00+00:00,104779.4,SL,buy,-1047.7939999999944
2025-06-21 00:00:00+00:00,103230.4,SL,buy,-1032.3040000000037
2025-06-22 02:00:00+00:00,102349.0,SL,buy,-1023.4900000000052
2025-06-22 18:00:00+00:00,99424.6,SL,buy,-994.2459999999992
2025-06-22 23:00:00+00:00,100915.5,SL,buy,-1009.1549999999988
2025-06-23 21:00:00+00:00,103772.3,TP,buy,3113.169000000009
2025-06-25 09:08:00+00:00,106728.3,SL,buy,-1067.2829999999958
2025-07-01 15:11:00+00:00,105695.9,TP,buy,3170.8770000000077
2025-07-03 01:00:00+00:00,108867.5,SL,buy,-1088.675000000003
2025-07-04 16:00:00+00:00,107594.9,TP,buy,3227.847000000009
2025-07-10 02:00:00+00:00,111185.7,TP,buy,3335.5709999999963
2025-07-10 23:00:00+00:00,116021.7,TP,buy,3480.650999999998
2025-07-14 10:00:00+00:00,121990.2,SL,buy,-1219.9020000000019
2025-07-14 22:00:00+00:00,120010.4,SL,buy,-1200.1040000000066
2025-07-15 08:00:00+00:00,116803.4,TP,buy,3504.101999999999
2025-07-18 11:00:00+00:00,119286.8,SL,buy,-1192.8680000000022
2025-07-18 17:00:00+00:00,117622.0,SL,buy,-1176.2200000000012
2025-07-22 09:00:00+00:00,118321.1,SL,buy,-1183.2109999999957
2025-07-24 23:00:00+00:00,118271.1,SL,buy,-1182.7109999999957
2025-07-25 07:00:00+00:00,115116.7,TP,buy,3453.501000000004
2025-07-28 11:00:00+00:00,118755.0,SL,buy,-1187.550000000003
2025-07-28 20:00:00+00:00,118053.5,SL,buy,-1180.5350000000035
2025-07-31 03:00:00+00:00,118396.2,SL,buy,-1183.9619999999995
2025-07-31 21:00:00+00:00,116432.6,SL,buy,-1164.326000000001
2025-08-01 04:00:00+00:00,115574.9,SL,buy,-1155.7489999999962
2025-08-01 21:00:00+00:00,113945.1,SL,buy,-1139.451000000001
2025-08-02 02:00:00+00:00,113601.1,SL,buy,-1136.0109999999986
2025-08-02 21:00:00+00:00,112774.1,TP,buy,3383.222999999998
2025-08-07 18:00:00+00:00,116492.5,TP,buy,3494.7750000000087
2025-08-11 05:00:00+00:00,122040.0,SL,buy,-1220.3999999999942
2025-08-11 15:00:00+00:00,120147.5,SL,buy,-1201.4750000000058
2025-08-12 01:00:00+00:00,118902.6,TP,buy,3567.0780000000086
2025-08-14 07:00:00+00:00,121815.4,SL,buy,-1218.153999999995
2025-08-14 17:00:00+00:00,117765.8,SL,buy,-1177.6579999999958
2025-08-18 07:00:00+00:00,115308.2,SL,buy,-1153.0819999999949
2025-08-20 12:00:00+00:00,113700.8,SL,buy,-1137.0080000000016
2025-08-20 21:00:00+00:00,114337.5,SL,buy,-1143.375
2025-08-21 10:03:00+00:00,113179.8,SL,buy,-1131.7979999999952
2025-08-21 23:00:00+00:00,112400.8,TP,buy,3372.024000000005
2025-08-22 21:00:00+00:00,117011.1,SL,buy,-1170.1110000000044
2025-08-23 05:00:00+00:00,115879.0,SL,buy,-1158.7900000000081
2025-08-23 19:00:00+00:00,115139.9,SL,buy,-1151.399000000005
2025-08-24 23:00:00+00:00,113409.9,SL,buy,-1134.099000000002
2025-08-25 15:00:00+00:00,112243.1,SL,buy,-1122.4309999999969
2025-08-25 23:00:00+00:00,110098.0,SL,buy,-1100.979999999996
2025-08-27 01:00:00+00:00,111351.4,SL,buy,-1113.5139999999956
2025-08-29 19:00:00+00:00,108072.1,TP,buy,3242.1630000000005
2025-09-02 16:00:00+00:00,110892.9,SL,buy,-1108.9290000000037
2025-09-05 03:00:00+00:00,111267.6,SL,buy,-1112.6760000000068
2025-09-06 23:00:00+00:00,110122.4,TP,buy,3303.672000000006
2025-09-10 14:00:00+00:00,113950.1,TP,buy,3418.502999999997
2025-09-18 04:00:00+00:00,117691.5,SL,buy,-1176.9150000000081
2025-09-19 15:00:00+00:00,115781.0,SL,buy,-1157.8099999999977
2025-09-22 18:00:00+00:00,112289.4,SL,buy,-1122.8940000000002
2025-09-24 06:00:00+00:00,112583.9,SL,buy,-1125.8390000000072
2025-09-25 08:00:00+00:00,111756.7,SL,buy,-1117.5669999999955
2025-09-25 22:00:00+00:00,109369.0,TP,buy,3281.070000000007
2025-09-29 18:00:00+00:00,114027.9,SL,buy,-1140.278999999995
2025-10-01 21:00:00+00:00,117472.6,TP,buy,3524.178
2025-10-03 19:00:00+00:00,122504.1,SL,buy,-1225.0409999999974
2025-10-07 21:00:00+00:00,121840.6,SL,buy,-1218.4060000000027
2025-10-09 23:00:00+00:00,121646.4,SL,buy,-1216.4640000000072
2025-10-11 00:00:00+00:00,112510.3,SL,buy,-1125.1030000000028
2025-10-11 12:00:00+00:00,112156.7,SL,buy,-1121.5669999999955
2025-10-12 06:00:00+00:00,111654.6,TP,buy,3349.6380000000063
2025-10-12 21:00:00+00:00,114892.1,SL,buy,-1148.921000000002
2025-10-13 20:00:00+00:00,115688.9,SL,buy,-1156.8889999999956
2025-10-14 18:00:00+00:00,112725.0,SL,buy,-1127.25
2025-10-15 16:00:00+00:00,110808.1,SL,buy,-1108.0810000000056
2025-10-16 11:00:00+00:00,111419.6,SL,buy,-1114.1959999999963
2025-10-17 01:00:00+00:00,108710.4,SL,buy,-1087.1040000000066
2025-10-17 17:00:00+00:00,106352.2,TP,buy,3190.566000000006
2025-10-20 14:00:00+00:00,111164.2,SL,buy,-1111.642000000007
2025-10-21 09:00:00+00:00,107613.0,TP,buy,3228.3899999999994
2025-10-21 18:00:00+00:00,112022.5,SL,buy,-1120.2250000000058
2025-10-21 21:00:00+00:00,110683.2,SL,buy,-1106.8319999999949
2025-10-22 03:00:00+00:00,108138.1,SL,buy,-1081.380999999994
2025-10-22 22:00:00+00:00,107208.2,TP,buy,3216.245999999999
2025-10-23 21:00:00+00:00,109368.8,TP,buy,3281.0639999999985
2025-10-26 19:00:00+00:00,113558.1,SL,buy,-1135.5810000000056
2025-10-29 01:00:00+00:00,112364.7,SL,buy,-1123.6469999999972
2025-10-30 01:00:00+00:00,110413.9,SL,buy,-1104.1389999999956
2025-10-30 10:00:00+00:00,110071.2,SL,buy,-1100.7119999999995
2025-10-30 22:00:00+00:00,107814.7,TP,buy,3234.441000000006
2025-10-31 21:00:00+00:00,109477.0,SL,buy,-1094.770000000004
2025-11-03 04:00:00+00:00,107891.6,SL,buy,-1078.9159999999974
2025-11-03 12:00:00+00:00,107759.9,SL,buy,-1077.599000000002
2025-11-03 23:00:00+00:00,106341.3,SL,buy,-1063.4130000000005
2025-11-04 10:00:00+00:00,103743.7,SL,buy,-1037.4370000000054
2025-11-05 17:00:00+00:00,103731.5,SL,buy,-1037.3150000000023
2025-11-06 02:00:00+00:00,103349.9,SL,buy,-1033.4989999999962
2025-11-06 18:00:00+00:00,101696.5,SL,buy,-1016.9649999999965
2025-11-06 23:00:00+00:00,101226.8,SL,buy,-1012.2679999999964
2025-11-07 15:00:00+00:00,100580.0,TP,buy,3017.4000000000087
2025-11-07 21:00:00+00:00,103626.6,SL,buy,-1036.2660000000033
2025-11-08 04:00:00+00:00,102606.1,SL,buy,-1026.0610000000015
2025-11-08 14:07:00+00:00,101642.6,TP,buy,3049.2780000000057
2025-11-09 23:00:00+00:00,104899.7,SL,buy,-1048.997000000003
2025-11-11 16:00:00+00:00,103434.4,SL,buy,-1034.3439999999973
2025-11-12 22:00:00+00:00,101811.6,SL,buy,-1018.1159999999945
2025-11-13 19:00:00+00:00,98480.2,SL,buy,-984.801999999996
2025-11-14 06:00:00+00:00,97461.0,SL,buy,-974.6100000000006
2025-11-14 06:46:00+00:00,96497.1,SL,buy,-964.971000000005
2025-11-14 22:00:00+00:00,95018.8,SL,buy,-950.1879999999946
2025-11-15 03:00:00+00:00,96304.1,SL,buy,-963.0409999999974
2025-11-15 21:00:00+00:00,95254.6,SL,buy,-952.5460000000021
2025-11-16 19:00:00+00:00,94008.8,SL,buy,-940.0880000000034
2025-11-16 23:00:00+00:00,93968.7,SL,buy,-939.6870000000054
2025-11-16 23:02:00+00:00,93081.3,TP,buy,2792.4389999999985
2025-11-17 08:21:00+00:00,95915.3,SL,buy,-959.1530000000057
2025-11-17 21:00:00+00:00,92039.5,SL,buy,-920.3950000000041
2025-11-18 03:00:00+00:00,90752.6,SL,buy,-907.525999999998
2025-11-18 03:31:00+00:00,90122.6,TP,buy,2703.678
2025-11-18 18:00:00+00:00,93270.9,SL,buy,-932.7090000000026
2025-11-19 01:00:00+00:00,92291.8,SL,buy,-922.9180000000051
2025-11-19 09:00:00+00:00,91439.1,SL,buy,-914.3910000000033
2025-11-19 16:00:00+00:00,89949.9,SL,buy,-899.4989999999962
2025-11-20 02:00:00+00:00,92549.4,SL,buy,-925.494000000006
2025-11-21 17:00:00+00:00,84927.6,SL,buy,-849.275999999998
2025-11-22 03:00:00+00:00,84475.9,SL,buy,-844.7590000000055
2025-11-22 19:00:00+00:00,84630.0,TP,buy,2538.9000000000087
2025-11-23 17:00:00+00:00,86691.6,SL,buy,-866.9159999999974
2025-11-24 14:00:00+00:00,86080.3,SL,buy,-860.8029999999999
2025-11-24 14:50:00+00:00,85274.3,TP,buy,2558.2290000000066
2025-11-25 11:00:00+00:00,87363.0,SL,buy,-873.6300000000047
2025-11-27 00:00:00+00:00,90417.0,SL,buy,-904.1699999999983
2025-12-01 10:00:00+00:00,86706.6,SL,buy,-867.0660000000062
2025-12-01 14:00:00+00:00,85989.9,SL,buy,-859.8990000000049
2025-12-02 01:00:00+00:00,86446.7,TP,buy,2593.400999999998
2025-12-02 19:00:00+00:00,91925.2,SL,buy,-919.2520000000077
2025-12-03 11:00:00+00:00,92936.7,SL,buy,-929.3669999999984
2025-12-03 15:00:00+00:00,92470.3,SL,buy,-924.7029999999941
2025-12-05 01:00:00+00:00,92248.5,SL,buy,-922.4850000000006
2025-12-05 22:00:00+00:00,89077.9,SL,buy,-890.778999999995
2025-12-07 19:00:00+00:00,91399.9,SL,buy,-913.9989999999962
2025-12-08 00:00:00+00:00,90254.0,TP,buy,2707.6199999999953
2025-12-09 18:00:00+00:00,93905.7,SL,buy,-939.0570000000007
2025-12-10 05:00:00+00:00,92513.3,SL,buy,-925.1330000000016
2025-12-11 06:00:00+00:00,90225.0,SL,buy,-902.25
2025-12-12 05:00:00+00:00,92381.8,SL,buy,-923.8179999999993
2025-12-12 17:00:00+00:00,90009.5,SL,buy,-900.0950000000012
2025-12-14 17:00:00+00:00,88875.0,SL,buy,-888.75
2025-12-14 22:41:00+00:00,87970.1,SL,buy,-879.7010000000009
2025-12-15 19:00:00+00:00,86082.0,TP,buy,2582.4600000000064
2025-12-17 20:00:00+00:00,85941.7,TP,buy,2578.251000000004
2025-12-18 20:00:00+00:00,84541.0,TP,buy,2536.229999999996
2025-12-19 05:00:00+00:00,87051.3,TP,buy,2611.5390000000043
2025-12-22 10:00:00+00:00,89745.3,SL,buy,-897.4529999999941
2025-12-22 23:00:00+00:00,88532.6,SL,buy,-885.3260000000009
2025-12-23 20:00:00+00:00,87719.9,SL,buy,-877.1990000000078
2025-12-24 09:00:00+00:00,86789.1,TP,buy,2603.672999999995
2025-12-26 05:00:00+00:00,88915.6,SL,buy,-889.1560000000027
2025-12-27 00:00:00+00:00,87323.2,TP,buy,2619.6959999999963
2025-12-29 04:00:00+00:00,90099.0,SL,buy,-900.9900000000052
