timestamp,open,high,low,close,volume
1704067200,42288,42312,42273,42312,2.404700000000001
1704067260,42312,42335,42312,42330,2.7203
1704067320,42330,42343,42327,42329,1.6181
1704067380,42329,42375,42329,42375,1.1245
1704067440,42375,42408,42375,42407,5.542
1704067500,42407,42413,42389,42412,0.8034
1704067560,42412,42433,42409,42424,3.672899999999999
1704067620,42424,42444,42418,42422,2.2591
1704067680,42422,42422,42422,42422,0.0
1704067740,42422,42424,42414,42414,0.4637
1704067800,42414,42448,42414,42445,2.4865
1704067860,42445,42508,42443,42494,19.9613
1704067920,42494,42494,42465,42465,0.7434
1704067980,42465,42494,42464,42494,0.6117
1704068040,42494,42500,42472,42498,1.2297
1704068100,42498,42527,42496,42521,4.3557
1704068160,42521,42565,42521,42549,2.268100000000001
1704068220,42549,42549,42509,42509,1.7604
1704068280,42509,42509,42489,42490,0.9384
1704068340,42490,42496,42465,42465,7.1295
1704068400,42465,42472,42460,42465,0.9865
1704068460,42465,42466,42457,42457,0.3972
1704068520,42457,42459,42457,42459,0.0001
1704068580,42459,42489,42459,42476,18.6328
1704068640,42476,42507,42472,42485,1.202
1704068700,42485,42507,42485,42507,0.2836
1704068760,42507,42507,42475,42475,0.0029
1704068820,42475,42486,42438,42452,1.1763
1704068880,42452,42452,42422,42429,3.348800000000001
1704068940,42429,42429,42425,42425,0.002
1704069000,42425,42428,42400,42400,0.1711
1704069060,42400,42400,42383,42393,0.1729000000000001
1704069120,42393,42411,42379,42379,3.171699999999998
1704069180,42379,42383,42372,42377,0.4851
1704069240,42377,42381,42359,42376,0.9984
1704069300,42376,42376,42346,42361,18.34800000000003
1704069360,42361,42382,42357,42378,0.5243
1704069420,42378,42418,42378,42418,1.2423
1704069480,42418,42420,42397,42397,6.2192
1704069540,42397,42438,42397,42438,15.4962
1704069600,42438,42442,42429,42436,1.3671
1704069660,42436,42436,42420,42424,2.759599999999999
1704069720,42424,42436,42421,42423,2.0208
1704069780,42423,42441,42419,42421,0.6611
1704069840,42421,42451,42402,42451,6.7061
1704069900,42451,42470,42445,42470,1.3295
1704069960,42470,42473,42465,42470,1.312
1704070020,42470,42470,42445,42445,1.3849
1704070080,42445,42450,42437,42437,1.0624
1704070140,42437,42437,42424,42428,0.5614
1704070200,42428,42452,42425,42450,2.8473
1704070260,42450,42454,42436,42443,0.9208
1704070320,42443,42450,42442,42450,0.2422
1704070380,42450,42452,42444,42444,0.2763
1704070440,42444,42471,42444,42471,1.4705
1704070500,42471,42480,42461,42480,1.3899
1704070560,42480,42494,42480,42487,1.7165
1704070620,42487,42502,42480,42501,1.144
1704070680,42501,42501,42477,42493,1.0328
1704070740,42493,42493,42475,42475,0.3171
1704070800,42475,42475,42452,42457,1.3721
1704070860,42457,42459,42444,42446,0.7862
1704070920,42446,42468,42434,42468,2.586
1704070980,42468,42474,42434,42446,1.3974
1704071040,42446,42446,42437,42437,0.6504
1704071100,42437,42452,42430,42450,1.259500000000001
1704071160,42450,42467,42441,42466,1.7497
1704071220,42466,42469,42445,42461,1.4751
1704071280,42461,42461,42450,42455,0.3252000000000001
1704071340,42455,42455,42435,42442,0.5341
1704071400,42442,42469,42442,42455,1.2079
1704071460,42455,42456,42447,42455,0.4433
1704071520,42455,42460,42444,42460,0.7543
1704071580,42460,42485,42460,42485,3.2861
1704071640,42485,42485,42470,42471,0.4697
1704071700,42471,42487,42471,42487,1.2447
1704071760,42487,42507,42487,42507,1.4709
1704071820,42507,42507,42499,42507,0.5585
1704071880,42507,42509,42494,42494,0.5823
1704071940,42494,42512,42481,42512,3.0738
1704072000,42512,42518,42510,42517,1.4018
1704072060,42517,42528,42513,42513,4.487600000000001
1704072120,42513,42517,42506,42514,0.7984
1704072180,42514,42514,42496,42496,0.4349000000000001
1704072240,42496,42496,42486,42486,0.5732
1704072300,42486,42507,42486,42502,1.2905
1704072360,42502,42528,42483,42528,2.9902
1704072420,42528,42529,42520,42529,0.6961
1704072480,42529,42531,42516,42516,0.6695
1704072540,42516,42517,42505,42505,0.3765000000000001
1704072600,42505,42518,42502,42517,1.0457
1704072660,42517,42538,42514,42538,2.1673
1704072720,42538,42576,42538,42571,3.4488
1704072780,42571,42590,42569,42587,0.4484
1704072840,42587,42598,42577,42577,0.5044
1704072900,42577,42649,42576,42639,12.5693
1704072960,42639,42719,42633,42691,15.1068
1704073020,42691,42761,42689,42737,13.8037
1704073080,42737,42840,42698,42771,24.14680000000002
1704073140,42771,42794,42736,42738,1.1277
1704073200,42738,42761,42726,42729,1.9116
1704073260,42729,42789,42697,42759,7.4232
1704073320,42759,42775,42750,42753,3.294100000000001
1704073380,42753,42753,42724,42729,0.558
1704073440,42729,42735,42720,42720,0.0978
1704073500,42720,42738,42717,42717,0.6952
1704073560,42717,42733,42716,42724,0.4134000000000001
1704073620,42724,42728,42693,42693,1.1705
1704073680,42693,42725,42677,42698,2.1693
1704073740,42698,42737,42695,42719,1.0217
1704073800,42719,42728,42701,42705,0.7149
1704073860,42705,42710,42681,42710,8.21270000000001
1704073920,42710,42710,42688,42688,0.8873
1704073980,42688,42688,42672,42672,0.341
1704074040,42672,42684,42672,42676,0.2324000000000001
1704074100,42676,42685,42667,42667,0.302
1704074160,42667,42680,42647,42657,0.9298
1704074220,42657,42659,42636,42645,0.0442
1704074280,42645,42645,42638,42643,0.0059
1704074340,42643,42651,42630,42630,6.0196
1704074400,42630,42663,42621,42629,1.4172
1704074460,42629,42631,42620,42620,3.2494
1704074520,42620,42621,42611,42611,0.5065
1704074580,42611,42623,42598,42617,1.3683
1704074640,42617,42617,42578,42588,1.0048
1704074700,42588,42588,42571,42580,5.1263
1704074760,42580,42604,42573,42582,1.3964
1704074820,42582,42601,42582,42582,1.0305
1704074880,42582,42598,42571,42591,0.7612
1704074940,42591,42591,42571,42571,0.257
1704075000,42571,42580,42571,42574,0.0186
1704075060,42574,42593,42574,42593,0.3511
1704075120,42593,42593,42578,42579,0.1346
1704075180,42579,42579,42578,42578,0.0507
1704075240,42578,42587,42570,42587,4.252999999999999
1704075300,42587,42587,42578,42578,0.4792
1704075360,42578,42589,42578,42588,0.0083
1704075420,42588,42588,42555,42556,1.2635
1704075480,42556,42568,42556,42562,0.4387
1704075540,42562,42570,42561,42567,0.5001
1704075600,42567,42582,42565,42582,0.7705
1704075660,42582,42586,42581,42581,0.0211
1704075720,42581,42601,42573,42601,1.6101
1704075780,42601,42606,42591,42591,0.2596
1704075840,42591,42591,42576,42578,0.4583
1704075900,42578,42580,42576,42576,0.2551
1704075960,42576,42580,42576,42580,0.0031
1704076020,42580,42580,42580,42580,0.0
1704076080,42580,42580,42576,42576,0.0289
1704076140,42576,42576,42576,42576,0.0007
1704076200,42576,42600,42572,42600,6.5404
1704076260,42600,42614,42600,42614,0.9018
1704076320,42614,42637,42614,42637,1.2172
1704076380,42637,42639,42637,42639,0.0123
1704076440,42639,42640,42636,42640,2.661100000000001
1704076500,42640,42646,42637,42644,2.8259
1704076560,42644,42644,42644,42644,0.0
1704076620,42644,42644,42608,42623,10.277
1704076680,42623,42637,42623,42631,1.6672
1704076740,42631,42631,42614,42614,0.2574
1704076800,42614,42614,42594,42594,3.3463
1704076860,42594,42594,42570,42570,3.709
1704076920,42570,42587,42569,42569,0.9944
1704076980,42569,42574,42567,42574,2.8169
1704077040,42574,42574,42573,42573,0.0033
1704077100,42573,42574,42573,42574,0.0067
1704077160,42574,42584,42568,42569,0.4696
1704077220,42569,42573,42563,42572,0.1186
1704077280,42572,42572,42564,42565,0.0048
1704077340,42565,42565,42545,42545,0.9035
1704077400,42545,42554,42532,42554,1.3734
1704077460,42554,42616,42554,42616,0.6702
1704077520,42616,42631,42609,42614,1.4518
1704077580,42614,42616,42602,42611,0.0224
1704077640,42611,42613,42601,42613,0.0516
1704077700,42613,42616,42593,42611,0.0387999999999999
1704077760,42611,42611,42608,42608,0.012
1704077820,42608,42623,42608,42623,0.011
1704077880,42623,42623,42623,42623,0.0
1704077940,42623,42623,42621,42621,0.005
1704078000,42621,42623,42611,42611,0.0086
1704078060,42611,42611,42596,42604,0.0263
1704078120,42604,42630,42601,42625,0.4094000000000001
1704078180,42625,42626,42625,42626,0.0132
1704078240,42626,42628,42598,42598,1.2193
1704078300,42598,42598,42576,42589,0.2438
1704078360,42589,42614,42589,42607,0.2542
1704078420,42607,42610,42590,42610,0.0641
1704078480,42610,42610,42582,42582,0.051
1704078540,42582,42588,42576,42582,0.0388
1704078600,42582,42582,42576,42576,0.0067
1704078660,42576,42585,42576,42582,0.0236
1704078720,42582,42582,42567,42579,0.461
1704078780,42579,42597,42572,42572,0.2471
1704078840,42572,42572,42541,42545,0.8151
1704078900,42545,42545,42520,42527,0.9709
1704078960,42527,42530,42509,42518,2.281600000000001
1704079020,42518,42522,42511,42518,0.0452
1704079080,42518,42532,42506,42506,2.3925
1704079140,42506,42516,42494,42497,0.4405000000000001
1704079200,42497,42519,42497,42497,0.0428
1704079260,42497,42511,42497,42511,0.0403
1704079320,42511,42529,42491,42491,0.06
1704079380,42491,42495,42475,42475,1.1067
1704079440,42475,42486,42472,42477,0.3002999999999999
1704079500,42477,42493,42476,42482,0.0412
1704079560,42482,42490,42469,42474,0.1864
1704079620,42474,42483,42468,42472,0.4603
1704079680,42472,42476,42463,42464,0.0475
1704079740,42464,42480,42456,42466,0.7675
1704079800,42466,42500,42466,42493,1.9675
1704079860,42493,42493,42461,42480,0.512
1704079920,42480,42488,42466,42478,0.7182
1704079980,42478,42478,42452,42452,2.3956
1704080040,42452,42459,42440,42454,6.0086
1704080100,42454,42454,42437,42454,0.0185
1704080160,42454,42472,42442,42472,0.0525
1704080220,42472,42472,42450,42463,0.0428
1704080280,42463,42463,42431,42436,0.101
1704080340,42436,42436,42415,42415,0.1138
1704080400,42415,42424,42397,42397,8.2054
1704080460,42397,42401,42388,42395,0.1739
1704080520,42395,42395,42369,42374,0.2967
1704080580,42374,42374,42246,42297,16.4708
1704080640,42297,42356,42297,42356,4.0105
1704080700,42356,42356,42288,42306,1.1135
1704080760,42306,42306,42234,42304,8.7139
1704080820,42304,42330,42304,42330,0.0013
1704080880,42330,42339,42319,42339,1.3251
1704080940,42339,42372,42339,42368,0.6583
1704081000,42368,42368,42354,42360,0.9666
1704081060,42360,42360,42331,42346,1.0268
1704081120,42346,42355,42346,42347,0.098
1704081180,42347,42353,42325,42325,0.4457
1704081240,42325,42334,42321,42321,0.179
1704081300,42321,42353,42321,42353,0.4829
1704081360,42353,42382,42353,42364,0.0015
1704081420,42364,42376,42359,42359,1.5289
1704081480,42359,42359,42342,42342,0.2509
1704081540,42342,42366,42342,42356,1.0048
1704081600,42356,42364,42350,42364,0.1295
1704081660,42364,42374,42364,42372,0.003
1704081720,42372,42395,42372,42384,0.0028
1704081780,42384,42400,42384,42400,0.3005
1704081840,42400,42400,42379,42379,0.0002
1704081900,42379,42401,42379,42401,0.0004
1704081960,42401,42405,42395,42400,5.1908
1704082020,42400,42400,42394,42394,0.6622
1704082080,42394,42397,42394,42397,0.0001
1704082140,42397,42397,42375,42375,0.9202
1704082200,42375,42375,42370,42370,0.221
1704082260,42370,42370,42359,42359,0.2251
1704082320,42359,42379,42359,42359,0.5405
1704082380,42359,42359,42308,42318,1.3013
1704082440,42318,42321,42294,42294,0.1971
1704082500,42294,42300,42294,42300,0.0001
1704082560,42300,42313,42278,42313,0.3788000000000001
1704082620,42313,42322,42278,42278,0.2443
1704082680,42278,42278,42261,42272,3.152800000000001
1704082740,42272,42315,42272,42295,2.5359
1704082800,42295,42295,42250,42256,0.579
1704082860,42256,42263,42238,42261,0.1865
1704082920,42261,42289,42261,42286,0.5669
1704082980,42286,42310,42286,42310,0.0115
1704083040,42310,42340,42310,42335,1.7703
1704083100,42335,42335,42321,42321,0.3275
1704083160,42321,42321,42310,42310,3.037900000000001
1704083220,42310,42310,42310,42310,0.0
1704083280,42310,42310,42306,42306,0.0001
1704083340,42306,42326,42306,42326,0.0299
1704083400,42326,42347,42326,42346,1.2107
1704083460,42346,42346,42329,42339,0.0027
1704083520,42339,42342,42315,42341,1.5671
1704083580,42341,42352,42341,42352,0.8429
1704083640,42352,42352,42349,42349,0.0026
1704083700,42349,42349,42349,42349,0.0
1704083760,42349,42349,42349,42349,0.0
1704083820,42349,42362,42349,42357,0.0016
1704083880,42357,42357,42347,42347,0.0023
1704083940,42347,42353,42347,42353,0.0297
1704084000,42353,42377,42353,42377,0.4493
1704084060,42377,42377,42363,42363,0.0001
1704084120,42363,42368,42356,42356,0.0003
1704084180,42356,42356,42335,42336,0.271
1704084240,42336,42336,42336,42336,0.0
1704084300,42336,42336,42335,42335,0.0001
1704084360,42335,42365,42335,42365,0.0108
1704084420,42365,42365,42362,42362,0.0001
1704084480,42362,42365,42362,42365,0.1298
1704084540,42365,42395,42365,42395,0.0488
1704084600,42395,42395,42384,42384,0.0002
1704084660,42384,42384,42375,42384,0.0023
1704084720,42384,42389,42384,42389,0.3728
1704084780,42389,42389,42382,42382,0.3856000000000001
1704084840,42382,42390,42382,42390,0.0002
1704084900,42390,42396,42386,42386,0.355
1704084960,42386,42386,42386,42386,0.0
1704085020,42386,42390,42386,42390,0.0003
1704085080,42390,42425,42390,42420,0.9685
1704085140,42420,42424,42416,42418,0.3155
1704085200,42418,42425,42418,42425,1.9203
1704085260,42425,42428,42375,42375,2.8793
1704085320,42375,42390,42375,42382,0.0007
1704085380,42382,42382,42350,42350,0.0278999999999999
1704085440,42350,42350,42347,42347,0.0004
1704085500,42347,42371,42347,42371,0.1353
1704085560,42371,42371,42371,42371,0.0
1704085620,42371,42371,42369,42369,0.0002
1704085680,42369,42369,42366,42366,0.3035
1704085740,42366,42369,42366,42369,0.0023
1704085800,42369,42370,42362,42370,0.2529
1704085860,42370,42383,42370,42383,1.1795
1704085920,42383,42383,42366,42366,0.001
1704085980,42366,42366,42366,42366,0.0
1704086040,42366,42385,42365,42385,1.1928
1704086100,42385,42385,42383,42383,0.4400000000000001
1704086160,42383,42383,42375,42375,0.002
1704086220,42375,42382,42370,42382,0.0889
1704086280,42382,42385,42382,42385,0.4401000000000001
1704086340,42385,42385,42375,42375,0.4004
1704086400,42375,42375,42375,42375,0.0
1704086460,42375,42375,42369,42369,0.0001
1704086520,42369,42369,42369,42369,0.0
1704086580,42369,42369,42365,42368,1.5
1704086640,42368,42368,42368,42368,0.0
1704086700,42368,42368,42365,42367,1.7489
1704086760,42367,42367,42367,42367,0.0
1704086820,42367,42367,42325,42325,0.0046
1704086880,42325,42325,42323,42323,0.3379
1704086940,42323,42324,42323,42324,0.0001
1704087000,42324,42334,42321,42334,0.8168
1704087060,42334,42341,42319,42319,1.8621
1704087120,42319,42319,42319,42319,0.0
1704087180,42319,42319,42319,42319,0.0
1704087240,42319,42339,42319,42329,0.2879
1704087300,42329,42329,42321,42321,0.0021
1704087360,42321,42321,42309,42309,0.0011
1704087420,42309,42309,42295,42295,0.5939
1704087480,42295,42307,42295,42305,0.052
1704087540,42305,42305,42294,42294,0.2375
1704087600,42294,42294,42294,42294,0.0
1704087660,42294,42301,42294,42299,0.0002
1704087720,42299,42308,42298,42298,0.2759
1704087780,42298,42317,42298,42313,0.0002
1704087840,42313,42322,42312,42317,0.6913
1704087900,42317,42317,42287,42287,0.5511
1704087960,42287,42289,42285,42286,0.2718
1704088020,42286,42286,42271,42275,0.5165
1704088080,42275,42281,42269,42269,0.1963
1704088140,42269,42269,42260,42260,0.0002
1704088200,42260,42260,42232,42232,1.4584
1704088260,42232,42240,42232,42240,0.1195
1704088320,42240,42259,42240,42259,0.0002
1704088380,42259,42264,42256,42264,1.1869
1704088440,42264,42264,42250,42251,0.0068
1704088500,42251,42251,42239,42239,0.4401000000000001
1704088560,42239,42239,42203,42231,6.3027
1704088620,42231,42252,42231,42252,1.1839
1704088680,42252,42265,42252,42258,0.602
1704088740,42258,42274,42258,42273,3.0
1704088800,42273,42273,42250,42250,0.6021
1704088860,42250,42250,42241,42249,0.3075
1704088920,42249,42249,42249,42249,0.0
1704088980,42249,42296,42249,42296,1.1894
1704089040,42296,42305,42296,42305,0.2857
1704089100,42305,42309,42305,42309,0.0002
1704089160,42309,42324,42309,42324,0.0002
1704089220,42324,42324,42324,42324,0.0
1704089280,42324,42326,42322,42322,0.4401000000000001
1704089340,42322,42322,42317,42317,0.0001
1704089400,42317,42317,42308,42309,0.0221
1704089460,42309,42311,42309,42311,0.0242
1704089520,42311,42311,42303,42305,0.0002
1704089580,42305,42305,42300,42300,0.002
1704089640,42300,42313,42295,42305,0.2388
1704089700,42305,42320,42299,42320,0.2216
1704089760,42320,42344,42320,42344,0.4292
1704089820,42344,42360,42344,42360,0.5338
1704089880,42360,42366,42360,42364,0.0005
1704089940,42364,42376,42364,42372,0.0378
1704090000,42372,42372,42350,42350,0.007
1704090060,42350,42350,42324,42324,0.1236
1704090120,42324,42325,42312,42312,0.105
1704090180,42312,42333,42312,42333,0.1478
1704090240,42333,42339,42333,42339,0.0003
1704090300,42339,42339,42339,42339,0.0
1704090360,42339,42342,42335,42342,0.4402
1704090420,42342,42348,42342,42348,0.059
1704090480,42348,42348,42348,42348,0.0
1704090540,42348,42358,42348,42351,0.0148
1704090600,42351,42351,42351,42351,0.0
1704090660,42351,42355,42351,42355,0.0467
1704090720,42355,42355,42345,42345,0.0021
1704090780,42345,42378,42345,42378,2.170900000000001
1704090840,42378,42378,42375,42375,0.0004
1704090900,42375,42383,42375,42383,2.0006
1704090960,42383,42398,42383,42384,0.9819
1704091020,42384,42384,42384,42384,0.0
1704091080,42384,42384,42383,42384,0.8464
1704091140,42384,42384,42384,42384,0.0
1704091200,42384,42412,42384,42398,11.3191
1704091260,42398,42415,42398,42415,0.2006
1704091320,42415,42415,42415,42415,0.0001
1704091380,42415,42415,42404,42404,0.9384
1704091440,42404,42406,42404,42406,0.0001
1704091500,42406,42407,42400,42407,0.251
1704091560,42407,42439,42407,42419,1.3655
1704091620,42419,42419,42402,42402,0.0002
1704091680,42402,42411,42402,42409,0.0519
1704091740,42409,42409,42406,42406,0.0001
1704091800,42406,42406,42403,42403,0.1036
1704091860,42403,42427,42403,42427,0.3078
1704091920,42427,42440,42427,42440,0.2478
1704091980,42440,42454,42440,42454,0.0086
1704092040,42454,42454,42432,42432,0.0835
1704092100,42432,42435,42421,42421,0.0638
1704092160,42421,42421,42421,42421,0.02
1704092220,42421,42432,42421,42432,0.3681
1704092280,42432,42432,42429,42429,0.0518
1704092340,42429,42429,42421,42421,0.0538
1704092400,42421,42452,42421,42452,0.168
1704092460,42452,42474,42452,42474,0.4781
1704092520,42474,42474,42470,42471,0.367
1704092580,42471,42500,42471,42497,4.484000000000001
1704092640,42497,42507,42456,42456,1.5128
1704092700,42456,42486,42456,42482,3.567800000000001
1704092760,42482,42515,42482,42514,0.3888999999999999
1704092820,42514,42514,42466,42468,0.992
1704092880,42468,42475,42450,42475,2.3888
1704092940,42475,42502,42475,42502,0.745
1704093000,42502,42502,42496,42496,0.0727
1704093060,42496,42496,42486,42486,0.2865
1704093120,42486,42486,42485,42485,0.0001
1704093180,42485,42485,42485,42485,0.0
1704093240,42485,42485,42485,42485,0.0
1704093300,42485,42485,42471,42482,0.4949
1704093360,42482,42482,42470,42470,0.012
1704093420,42470,42474,42470,42474,0.025
1704093480,42474,42486,42474,42486,0.0101
1704093540,42486,42486,42474,42475,0.5235
1704093600,42475,42475,42456,42456,0.5
1704093660,42456,42471,42455,42471,0.1303
1704093720,42471,42471,42466,42466,0.3042
1704093780,42466,42498,42464,42478,0.4528
1704093840,42478,42478,42475,42476,0.2349
1704093900,42476,42504,42476,42504,0.0117
1704093960,42504,42513,42504,42513,0.2592
1704094020,42513,42513,42513,42513,0.0
1704094080,42513,42529,42500,42500,0.0643
1704094140,42500,42519,42493,42519,0.111
1704094200,42519,42522,42510,42510,0.0636
1704094260,42510,42514,42499,42514,0.0026
1704094320,42514,42521,42514,42521,0.0005
1704094380,42521,42526,42521,42525,0.0032
1704094440,42525,42525,42525,42525,0.0
1704094500,42525,42525,42518,42518,0.1932
1704094560,42518,42518,42517,42517,0.5
1704094620,42517,42517,42517,42517,0.0
1704094680,42517,42517,42517,42517,0.0
1704094740,42517,42517,42517,42517,0.0
1704094800,42517,42517,42498,42498,0.6096
1704094860,42498,42502,42483,42483,4.376200000000001
1704094920,42483,42491,42483,42491,0.0021
1704094980,42491,42491,42491,42491,0.0
1704095040,42491,42491,42472,42472,0.0024
1704095100,42472,42472,42461,42468,0.1066
1704095160,42468,42504,42468,42504,0.4523
1704095220,42504,42504,42491,42491,0.5023
1704095280,42491,42491,42491,42491,0.0
1704095340,42491,42492,42482,42492,0.4424
1704095400,42492,42495,42491,42491,0.1181
1704095460,42491,42491,42491,42491,0.0
1704095520,42491,42500,42491,42500,0.3335
1704095580,42500,42500,42500,42500,0.0051
1704095640,42500,42500,42494,42494,0.0005
1704095700,42494,42505,42494,42505,0.0004
1704095760,42505,42510,42505,42510,0.0001
1704095820,42510,42510,42500,42500,0.9423
1704095880,42500,42500,42500,42500,0.0
1704095940,42500,42525,42498,42525,0.2052
1704096000,42525,42525,42522,42522,0.0002
1704096060,42522,42564,42522,42560,1.2211
1704096120,42560,42560,42489,42504,3.6739
1704096180,42504,42504,42475,42475,0.7397
1704096240,42475,42480,42475,42475,0.0019
1704096300,42475,42498,42475,42495,0.1653
1704096360,42495,42502,42495,42502,0.0007
1704096420,42502,42503,42501,42501,0.0004
1704096480,42501,42501,42501,42501,0.0
1704096540,42501,42501,42501,42501,0.0
1704096600,42501,42523,42501,42523,1.0818
1704096660,42523,42525,42523,42525,0.0005
1704096720,42525,42532,42525,42532,0.1164
1704096780,42532,42532,42513,42513,1.106600000000001
1704096840,42513,42531,42513,42531,0.2784
1704096900,42531,42534,42525,42531,0.2658
1704096960,42531,42533,42524,42529,1.2571
1704097020,42529,42534,42529,42534,0.1
1704097080,42534,42534,42525,42531,0.0026
1704097140,42531,42531,42531,42531,0.0
1704097200,42531,42533,42531,42532,0.0518
1704097260,42532,42546,42532,42544,0.8817
1704097320,42544,42544,42544,42544,0.0
1704097380,42544,42550,42542,42550,1.7808
1704097440,42550,42562,42535,42535,1.8312
1704097500,42535,42535,42495,42496,1.6135
1704097560,42496,42508,42496,42508,0.0007
1704097620,42508,42509,42505,42509,0.0666
1704097680,42509,42509,42505,42505,0.0517
1704097740,42505,42505,42500,42500,0.002
1704097800,42500,42519,42500,42519,0.6102
1704097860,42519,42524,42503,42503,0.5553
1704097920,42503,42504,42497,42497,0.2879000000000001
1704097980,42497,42517,42495,42500,3.3064
1704098040,42500,42500,42499,42499,0.0069
1704098100,42499,42501,42483,42501,1.1003
1704098160,42501,42513,42501,42513,0.3159
1704098220,42513,42513,42500,42500,0.0028
1704098280,42500,42500,42500,42500,0.0001
1704098340,42500,42500,42497,42497,0.0009
1704098400,42497,42519,42497,42519,0.3406
1704098460,42519,42519,42485,42507,9.3097
1704098520,42507,42508,42501,42508,0.2969
1704098580,42508,42514,42507,42508,0.3001
1704098640,42508,42514,42508,42514,0.0159
1704098700,42514,42514,42507,42513,0.7916
1704098760,42513,42537,42513,42537,1.0294
1704098820,42537,42553,42537,42553,0.1647
1704098880,42553,42572,42553,42568,0.9947
1704098940,42568,42568,42548,42548,0.0748
1704099000,42548,42563,42547,42562,0.3489
1704099060,42562,42562,42541,42546,0.3262000000000001
1704099120,42546,42546,42546,42546,0.0232
1704099180,42546,42546,42546,42546,0.0
1704099240,42546,42577,42546,42577,0.4174
1704099300,42577,42579,42577,42578,1.146900000000001
1704099360,42578,42581,42578,42581,0.0235
1704099420,42581,42581,42575,42575,0.3305
1704099480,42575,42575,42575,42575,0.0
1704099540,42575,42581,42575,42581,0.4007
1704099600,42581,42584,42574,42584,0.4715
1704099660,42584,42593,42584,42593,0.614
1704099720,42593,42593,42593,42593,0.0
1704099780,42593,42594,42593,42594,0.4400000000000001
1704099840,42594,42594,42594,42594,0.0
1704099900,42594,42598,42572,42573,0.0258
1704099960,42573,42585,42573,42585,0.0001
1704100020,42585,42585,42572,42572,0.1557
1704100080,42572,42576,42572,42573,0.54
1704100140,42573,42585,42573,42585,0.0001
1704100200,42585,42585,42570,42581,0.1513
1704100260,42581,42581,42581,42581,0.0
1704100320,42581,42581,42581,42581,0.0
1704100380,42581,42581,42575,42575,0.002
1704100440,42575,42623,42572,42601,6.9578
1704100500,42601,42614,42601,42614,1.0031
1704100560,42614,42618,42606,42617,0.764
1704100620,42617,42632,42614,42624,1.7689
1704100680,42624,42624,42624,42624,0.0
1704100740,42624,42624,42614,42621,0.0049
1704100800,42621,42636,42621,42636,0.0689
1704100860,42636,42648,42636,42641,2.4147
1704100920,42641,42641,42638,42638,0.0004
1704100980,42638,42665,42632,42664,1.229
1704101040,42664,42668,42664,42668,0.2102
1704101100,42668,42698,42668,42689,3.286100000000001
1704101160,42689,42689,42660,42660,0.991
1704101220,42660,42660,42641,42646,0.0138
1704101280,42646,42646,42646,42646,0.0
1704101340,42646,42646,42615,42615,1.1783
1704101400,42615,42628,42612,42628,0.5561
1704101460,42628,42662,42628,42660,1.6592
1704101520,42660,42676,42656,42671,1.0114
1704101580,42671,42671,42671,42671,0.0
1704101640,42671,42690,42671,42690,0.0158
1704101700,42690,42690,42677,42677,0.0001
1704101760,42677,42693,42677,42687,0.0235
1704101820,42687,42694,42687,42694,0.1002
1704101880,42694,42723,42694,42711,1.7885
1704101940,42711,42712,42704,42712,0.3927000000000001
1704102000,42712,42716,42694,42694,1.1103
1704102060,42694,42694,42658,42658,1.1741
1704102120,42658,42679,42658,42669,0.4807
1704102180,42669,42691,42669,42691,2.1254
1704102240,42691,42691,42673,42677,0.6753
1704102300,42677,42685,42673,42685,0.4073
1704102360,42685,42704,42685,42696,0.7992
1704102420,42696,42712,42696,42712,0.0124
1704102480,42712,42712,42679,42679,4.3004
1704102540,42679,42679,42660,42671,4.0577
1704102600,42671,42671,42658,42660,0.7719
1704102660,42660,42660,42660,42660,0.0
1704102720,42660,42677,42660,42673,0.54
1704102780,42673,42675,42673,42675,0.0002
1704102840,42675,42688,42675,42680,1.4097
1704102900,42680,42680,42669,42670,0.0023
1704102960,42670,42674,42666,42674,0.0319
1704103020,42674,42674,42653,42653,0.4402
1704103080,42653,42667,42653,42667,0.2525
1704103140,42667,42667,42664,42665,0.8317
1704103200,42665,42687,42665,42687,0.2242
1704103260,42687,42687,42687,42687,0.4413000000000001
1704103320,42687,42692,42680,42692,0.0538
1704103380,42692,42692,42682,42682,0.0299
1704103440,42682,42684,42677,42677,0.1102
1704103500,42677,42704,42676,42704,1.2709
1704103560,42704,42728,42704,42727,1.0355
1704103620,42727,42727,42713,42716,1.2798
1704103680,42716,42718,42716,42718,0.118
1704103740,42718,42718,42675,42679,2.549
1704103800,42679,42686,42674,42675,0.338
1704103860,42675,42684,42675,42684,0.4407
1704103920,42684,42684,42684,42684,0.0
1704103980,42684,42690,42684,42690,0.7152
1704104040,42690,42695,42690,42695,0.002
1704104100,42695,42706,42676,42676,0.406
1704104160,42676,42685,42669,42669,0.5996
1704104220,42669,42673,42662,42673,0.9609
1704104280,42673,42673,42656,42659,0.7729
1704104340,42659,42666,42658,42660,0.9402
1704104400,42660,42660,42660,42660,0.0
1704104460,42660,42693,42660,42690,0.3225999999999999
1704104520,42690,42692,42690,42692,0.1
1704104580,42692,42692,42672,42675,0.2713
1704104640,42675,42701,42675,42701,0.8992
1704104700,42701,42714,42695,42714,1.2148
1704104760,42714,42727,42710,42710,0.0004
1704104820,42710,42710,42710,42710,0.0
1704104880,42710,42710,42695,42696,1.1983
1704104940,42696,42696,42691,42691,0.002
1704105000,42691,42693,42691,42693,0.0295
1704105060,42693,42693,42693,42693,0.0
1704105120,42693,42699,42693,42699,0.0983
1704105180,42699,42709,42699,42709,0.232
1704105240,42709,42744,42709,42734,1.4033
1704105300,42734,42734,42713,42717,0.5001
1704105360,42717,42717,42711,42711,0.5397
1704105420,42711,42711,42711,42711,0.0
1704105480,42711,42711,42700,42701,0.6
1704105540,42701,42701,42701,42701,0.0
1704105600,42701,42718,42701,42718,0.7641
1704105660,42718,42733,42718,42729,1.374700000000001
1704105720,42729,42736,42729,42736,0.4677
1704105780,42736,42736,42736,42736,0.0118
1704105840,42736,42750,42736,42750,1.4923
1704105900,42750,42765,42750,42752,1.7042
1704105960,42752,42752,42738,42750,1.1156
1704106020,42750,42750,42731,42741,0.2627
1704106080,42741,42748,42741,42748,1.0
1704106140,42748,42749,42744,42749,0.9928
1704106200,42749,42786,42749,42773,7.2327
1704106260,42773,42807,42773,42788,4.9911
1704106320,42788,42791,42782,42791,0.4401000000000001
1704106380,42791,42791,42766,42771,1.2625
1704106440,42771,42777,42759,42759,5.5699
1704106500,42759,42759,42735,42736,1.3059
1704106560,42736,42749,42736,42749,0.276
1704106620,42749,42749,42743,42743,0.0298
1704106680,42743,42743,42743,42743,0.0
1704106740,42743,42743,42726,42726,0.5096
1704106800,42726,42749,42725,42741,1.3314
1704106860,42741,42767,42741,42766,1.2507
1704106920,42766,42781,42766,42781,0.4045
1704106980,42781,42791,42778,42786,1.6949
1704107040,42786,42806,42774,42790,1.912
1704107100,42790,42793,42790,42793,0.0001
1704107160,42793,42799,42781,42799,0.1962
1704107220,42799,42799,42784,42788,0.0014
1704107280,42788,42795,42782,42795,0.3425
1704107340,42795,42795,42772,42772,6.8141
1704107400,42772,42774,42772,42774,3.4375
1704107460,42774,42783,42774,42775,0.1523
1704107520,42775,42775,42751,42754,2.7961
1704107580,42754,42757,42739,42746,2.3988
1704107640,42746,42748,42722,42722,1.2432
1704107700,42722,42734,42720,42734,0.3348
1704107760,42734,42734,42725,42725,0.002
1704107820,42725,42746,42725,42746,2.0059
1704107880,42746,42753,42746,42748,0.4581
1704107940,42748,42748,42725,42725,0.1761
1704108000,42725,42725,42711,42711,1.1715
1704108060,42711,42718,42686,42703,1.2141
1704108120,42703,42703,42693,42693,0.4445000000000001
1704108180,42693,42701,42693,42701,0.4272
1704108240,42701,42707,42701,42707,0.5306
1704108300,42707,42714,42700,42714,0.0045
1704108360,42714,42729,42714,42729,0.0113
1704108420,42729,42736,42729,42736,0.0702
1704108480,42736,42738,42728,42731,0.0181
1704108540,42731,42731,42725,42725,0.002
1704108600,42725,42725,42721,42721,0.2315
1704108660,42721,42721,42705,42706,0.2909
1704108720,42706,42706,42660,42666,4.6727
1704108780,42666,42682,42660,42674,0.4226000000000001
1704108840,42674,42676,42674,42676,0.0004
1704108900,42676,42689,42676,42689,0.2772
1704108960,42689,42698,42689,42698,0.0046
1704109020,42698,42698,42672,42672,0.0118
1704109080,42672,42672,42672,42672,0.0
1704109140,42672,42679,42671,42679,0.0446
1704109200,42679,42684,42664,42664,0.0326
1704109260,42664,42664,42645,42645,0.5858
1704109320,42645,42651,42639,42639,1.328
1704109380,42639,42648,42626,42633,7.1487
1704109440,42633,42633,42633,42633,0.0
1704109500,42633,42662,42633,42656,0.9072
1704109560,42656,42663,42655,42662,0.5325
1704109620,42662,42662,42660,42661,0.0004
1704109680,42661,42661,42639,42656,1.2865
1704109740,42656,42656,42635,42635,0.7655
1704109800,42635,42675,42635,42672,0.3283
1704109860,42672,42694,42672,42684,1.3477
1704109920,42684,42684,42671,42671,0.7725
1704109980,42671,42671,42671,42671,0.0
1704110040,42671,42678,42671,42678,0.3256
1704110100,42678,42727,42678,42717,0.4323
1704110160,42717,42729,42716,42729,0.1711
1704110220,42729,42731,42727,42727,0.001
1704110280,42727,42727,42725,42725,0.002
1704110340,42725,42725,42720,42720,0.0002
1704110400,42720,42739,42720,42739,0.2821
1704110460,42739,42774,42739,42765,0.8944
1704110520,42765,42765,42750,42750,26.0152
1704110580,42750,42750,42721,42731,1.5344
1704110640,42731,42731,42717,42718,0.5365
1704110700,42718,42729,42718,42729,0.0296
1704110760,42729,42729,42704,42711,3.2142
1704110820,42711,42711,42681,42681,0.0093
1704110880,42681,42691,42664,42664,1.213
1704110940,42664,42689,42664,42689,1.7418
1704111000,42689,42693,42681,42692,0.5054
1704111060,42692,42695,42692,42692,3.6896
1704111120,42692,42692,42644,42664,4.7647
1704111180,42664,42673,42664,42673,0.8996
1704111240,42673,42673,42661,42667,0.4512
1704111300,42667,42674,42667,42667,0.1416
1704111360,42667,42668,42667,42667,0.0013
1704111420,42667,42675,42667,42675,0.601
1704111480,42675,42692,42675,42692,0.3314
1704111540,42692,42713,42689,42704,2.1862
1704111600,42704,42710,42689,42710,0.0242
1704111660,42710,42729,42710,42729,0.8581
1704111720,42729,42746,42729,42746,0.0006
1704111780,42746,42748,42744,42748,0.0101
1704111840,42748,42748,42730,42730,1.4928
1704111900,42730,42730,42716,42726,2.7141
1704111960,42726,42726,42726,42726,0.0
1704112020,42726,42726,42712,42718,0.0967
1704112080,42718,42731,42700,42728,2.9518
1704112140,42728,42728,42726,42726,0.0001
1704112200,42726,42740,42726,42732,0.6559
1704112260,42732,42736,42729,42729,0.0024
1704112320,42729,42729,42725,42725,0.002
1704112380,42725,42725,42719,42719,0.2999
1704112440,42719,42736,42707,42732,1.2797
1704112500,42732,42743,42732,42743,0.3004
1704112560,42743,42776,42743,42770,1.5
1704112620,42770,42789,42770,42782,0.8935
1704112680,42782,42788,42775,42782,0.9024
1704112740,42782,42810,42782,42810,1.0171
1704112800,42810,42816,42792,42804,1.9635
1704112860,42804,42804,42780,42800,5.2852
1704112920,42800,42801,42789,42789,0.8051
1704112980,42789,42789,42777,42789,1.884600000000001
1704113040,42789,42789,42786,42786,0.2046
1704113100,42786,42786,42775,42775,1.6903
1704113160,42775,42775,42756,42765,0.524
1704113220,42765,42765,42753,42753,0.3591
1704113280,42753,42759,42753,42759,0.4408000000000001
1704113340,42759,42759,42755,42755,1.1098
1704113400,42755,42755,42744,42752,1.2888
1704113460,42752,42752,42746,42750,0.2501
1704113520,42750,42763,42748,42763,0.4657
1704113580,42763,42763,42750,42750,0.002
1704113640,42750,42750,42729,42729,1.1992
1704113700,42729,42733,42710,42722,3.0156
1704113760,42722,42722,42716,42716,0.0591
1704113820,42716,42716,42704,42705,2.084400000000001
1704113880,42705,42705,42677,42695,6.8913
1704113940,42695,42695,42678,42680,1.516
1704114000,42680,42690,42677,42690,1.6
1704114060,42690,42695,42690,42693,0.006
1704114120,42693,42693,42661,42661,0.3533000000000001
1704114180,42661,42676,42643,42673,4.4313
1704114240,42673,42695,42673,42695,0.2999
1704114300,42695,42697,42692,42692,0.9988
1704114360,42692,42702,42688,42702,0.558
1704114420,42702,42702,42700,42700,0.002
1704114480,42700,42700,42700,42700,0.0
1704114540,42700,42721,42700,42721,0.0009
1704114600,42721,42733,42721,42733,0.0016
1704114660,42733,42742,42733,42735,0.2028
1704114720,42735,42735,42735,42735,0.0
1704114780,42735,42741,42735,42741,0.0001
1704114840,42741,42744,42741,42744,0.4819
1704114900,42744,42763,42744,42763,0.4517
1704114960,42763,42763,42763,42763,0.0
1704115020,42763,42763,42750,42750,0.4420000000000001
1704115080,42750,42750,42750,42750,0.0
1704115140,42750,42750,42746,42750,0.0031
1704115200,42750,42756,42750,42756,0.0002
1704115260,42756,42771,42756,42769,0.8934
1704115320,42769,42770,42764,42764,5.6377
1704115380,42764,42764,42764,42764,0.0
1704115440,42764,42764,42761,42762,0.0094
1704115500,42762,42763,42761,42761,0.014
1704115560,42761,42761,42742,42746,7.30790000000001
1704115620,42746,42765,42743,42765,2.922800000000001
1704115680,42765,42765,42765,42765,0.0
1704115740,42765,42765,42756,42759,1.1439
1704115800,42759,42759,42750,42750,4.1219
1704115860,42750,42750,42710,42715,9.3708
1704115920,42715,42734,42715,42734,0.8543
1704115980,42734,42738,42734,42734,0.3117
1704116040,42734,42750,42734,42748,1.8908
1704116100,42748,42748,42741,42742,2.7557
1704116160,42742,42742,42732,42732,0.7202
1704116220,42732,42754,42732,42751,1.6344
1704116280,42751,42751,42751,42751,0.0
1704116340,42751,42751,42750,42750,0.002
1704116400,42750,42760,42749,42760,1.0251
1704116460,42760,42762,42756,42756,1.0002
1704116520,42756,42757,42756,42757,0.3005
1704116580,42757,42765,42757,42765,1.054
1704116640,42765,42765,42765,42765,0.3599000000000001
1704116700,42765,42786,42765,42783,0.7432
1704116760,42783,42783,42772,42772,0.4401000000000001
1704116820,42772,42772,42771,42771,0.5309
1704116880,42771,42771,42765,42765,2.4083
1704116940,42765,42771,42765,42765,0.5502
1704117000,42765,42769,42765,42769,0.6448
1704117060,42769,42775,42769,42775,0.3325
1704117120,42775,42775,42775,42775,0.0
1704117180,42775,42775,42765,42765,14.5511
1704117240,42765,42779,42765,42777,6.715
1704117300,42777,42787,42777,42781,5.5492
1704117360,42781,42782,42781,42782,0.3553
1704117420,42782,42792,42782,42792,1.8624
1704117480,42792,42798,42786,42794,4.0283
1704117540,42794,42794,42775,42775,0.8267
1704117600,42775,42775,42754,42754,19.3971
1704117660,42754,42754,42713,42713,6.6752
1704117720,42713,42720,42698,42698,5.6697
1704117780,42698,42718,42698,42700,0.6694
1704117840,42700,42700,42687,42687,0.6594
1704117900,42687,42699,42642,42665,7.367
1704117960,42665,42703,42665,42697,8.1837
1704118020,42697,42714,42683,42714,1.4465
1704118080,42714,42714,42703,42712,0.2028
1704118140,42712,42716,42712,42716,0.0006
1704118200,42716,42719,42701,42710,1.8001
1704118260,42710,42717,42708,42712,0.2143
1704118320,42712,42713,42701,42701,0.2006
1704118380,42701,42706,42701,42703,0.0023
1704118440,42703,42703,42693,42693,0.8824
1704118500,42693,42703,42693,42703,0.8805
1704118560,42703,42708,42703,42707,0.4449000000000001
1704118620,42707,42707,42699,42699,0.0919
1704118680,42699,42705,42699,42700,0.0141
1704118740,42700,42704,42700,42704,0.0448
1704118800,42704,42704,42698,42699,0.0127
1704118860,42699,42699,42667,42678,0.2279
1704118920,42678,42693,42678,42684,0.1035
1704118980,42684,42688,42645,42645,5.2295
1704119040,42645,42658,42630,42658,0.8836
1704119100,42658,42669,42658,42669,0.001
1704119160,42669,42669,42662,42662,0.0002
1704119220,42662,42662,42627,42632,1.5536
1704119280,42632,42633,42627,42633,0.0156
1704119340,42633,42646,42633,42646,1.4576
1704119400,42646,42681,42646,42681,1.0906
1704119460,42681,42699,42681,42699,0.812
1704119520,42699,42704,42699,42704,0.1002
1704119580,42704,42708,42704,42707,0.0027
1704119640,42707,42707,42700,42701,0.0022
1704119700,42701,42709,42701,42709,0.0426
1704119760,42709,42709,42702,42703,0.0712
1704119820,42703,42703,42689,42701,0.7373
1704119880,42701,42701,42676,42680,0.1026
1704119940,42680,42686,42658,42658,0.7013
1704120000,42658,42675,42639,42675,0.2257
1704120060,42675,42686,42670,42686,0.0032
1704120120,42686,42699,42686,42699,0.2138
1704120180,42699,42707,42699,42700,0.1093
1704120240,42700,42700,42687,42690,0.0536
1704120300,42690,42695,42690,42695,0.1
1704120360,42695,42702,42695,42700,0.007
1704120420,42700,42700,42646,42649,0.8852
1704120480,42649,42668,42631,42665,0.6
1704120540,42665,42675,42634,42641,5.62
1704120600,42641,42671,42641,42671,1.0937
1704120660,42671,42671,42654,42654,0.2005
1704120720,42654,42664,42654,42659,0.7729
1704120780,42659,42687,42659,42676,0.5963
1704120840,42676,42682,42674,42682,0.1172
1704120900,42682,42682,42578,42650,73.0231
1704120960,42650,42652,42646,42646,0.9315
1704121020,42646,42650,42640,42650,1.0627
1704121080,42650,42667,42650,42655,2.1024
1704121140,42655,42656,42653,42656,0.4788
1704121200,42656,42657,42646,42647,5.2907
1704121260,42647,42647,42647,42647,0.0
1704121320,42647,42661,42640,42640,5.1938
1704121380,42640,42642,42635,42635,0.1417
1704121440,42635,42639,42628,42631,4.535
1704121500,42631,42640,42631,42639,0.0201
1704121560,42639,42641,42639,42641,0.01
1704121620,42641,42671,42641,42671,0.0329
1704121680,42671,42684,42671,42676,1.0578
1704121740,42676,42684,42676,42684,0.0975
1704121800,42684,42684,42670,42670,0.6413
1704121860,42670,42682,42665,42681,0.2403
1704121920,42681,42683,42681,42683,0.0001
1704121980,42683,42685,42683,42685,0.0471
1704122040,42685,42692,42680,42689,2.032400000000001
1704122100,42689,42689,42665,42672,0.4112000000000001
1704122160,42672,42683,42672,42677,0.0196
1704122220,42677,42690,42677,42686,0.0037
1704122280,42686,42692,42678,42679,0.7225
1704122340,42679,42682,42678,42682,1.1633
1704122400,42682,42700,42682,42700,0.1698
1704122460,42700,42728,42700,42728,0.5211
1704122520,42728,42738,42727,42736,0.569
1704122580,42736,42748,42736,42748,0.7178
1704122640,42748,42754,42744,42753,1.3525
1704122700,42753,42774,42753,42773,1.4461
1704122760,42773,42773,42742,42742,6.17470000000001
1704122820,42742,42742,42726,42726,0.0099
1704122880,42726,42726,42722,42722,0.01
1704122940,42722,42725,42721,42725,0.0156
1704123000,42725,42725,42719,42719,0.0169
1704123060,42719,42735,42719,42734,0.4938
1704123120,42734,42737,42734,42737,0.01
1704123180,42737,42740,42691,42691,9.88980000000001
1704123240,42691,42691,42674,42674,4.086300000000001
1704123300,42674,42674,42649,42649,2.911499999999999
1704123360,42649,42677,42649,42677,0.6602
1704123420,42677,42704,42672,42704,3.140900000000001
1704123480,42704,42740,42702,42717,3.0867
1704123540,42717,42721,42700,42701,0.0117
1704123600,42701,42701,42688,42688,0.0003
1704123660,42688,42718,42679,42718,2.348
1704123720,42718,42735,42718,42735,0.0139
1704123780,42735,42779,42735,42779,0.9689
1704123840,42779,42893,42778,42893,28.43099999999999
1704123900,42893,42897,42843,42843,14.4244
1704123960,42843,42880,42842,42863,6.6687
1704124020,42863,42876,42863,42875,0.6301
1704124080,42875,42875,42810,42816,0.1398
1704124140,42816,42843,42814,42818,0.0117
1704124200,42818,42826,42811,42814,0.4536
1704124260,42814,42817,42791,42817,0.146
1704124320,42817,42850,42817,42840,2.4658
1704124380,42840,42862,42835,42846,4.5509
1704124440,42846,42857,42835,42845,4.336500000000002
1704124500,42845,42852,42816,42852,7.3391
1704124560,42852,42874,42850,42850,0.6304
1704124620,42850,42857,42816,42832,2.1398
1704124680,42832,42847,42825,42840,5.909
1704124740,42840,42844,42840,42844,0.4
1704124800,42844,42869,42843,42862,3.7949
1704124860,42862,42862,42829,42829,2.6138
1704124920,42829,42829,42815,42819,0.229
1704124980,42819,42835,42815,42824,2.8113
1704125040,42824,42824,42814,42814,0.7756
1704125100,42814,42855,42814,42855,2.0401
1704125160,42855,42855,42784,42822,33.93159999999999
1704125220,42822,42848,42815,42848,4.4398
1704125280,42848,42886,42848,42874,6.6084
1704125340,42874,42874,42856,42856,1.1716
1704125400,42856,42885,42856,42864,0.4603
1704125460,42864,42895,42861,42871,2.2268
1704125520,42871,42875,42871,42872,0.0668
1704125580,42872,42872,42861,42861,0.4400000000000001
1704125640,42861,42879,42861,42879,1.0389
1704125700,42879,42902,42879,42899,5.7276
1704125760,42899,42903,42899,42900,0.5903
1704125820,42900,42900,42878,42878,1.719200000000001
1704125880,42878,42878,42853,42866,2.3479
1704125940,42866,42866,42821,42821,0.2784
1704126000,42821,42821,42800,42800,2.7842
1704126060,42800,42800,42772,42789,3.5572
1704126120,42789,42789,42738,42750,4.248800000000001
1704126180,42750,42774,42750,42750,1.561
1704126240,42750,42764,42718,42719,2.0768
1704126300,42719,42737,42710,42710,5.4538
1704126360,42710,42722,42704,42722,1.0109
1704126420,42722,42737,42722,42734,1.9552
1704126480,42734,42747,42711,42747,2.872200000000001
1704126540,42747,42770,42747,42765,1.5642
1704126600,42765,42765,42757,42757,0.4628
1704126660,42757,42757,42750,42753,0.8731
1704126720,42753,42759,42753,42759,0.2479
1704126780,42759,42769,42759,42769,1.5345
1704126840,42769,42769,42761,42763,0.2686
1704126900,42763,42780,42763,42778,0.191
1704126960,42778,42790,42775,42790,1.4907
1704127020,42790,42790,42761,42774,0.9504
1704127080,42774,42809,42772,42808,1.2993
1704127140,42808,42817,42800,42817,0.2943
1704127200,42817,42817,42794,42794,0.0122
1704127260,42794,42803,42794,42800,0.0022
1704127320,42800,42802,42800,42802,0.0001
1704127380,42802,42802,42800,42800,0.0021
1704127440,42800,42805,42800,42805,0.2607
1704127500,42805,42818,42800,42800,0.0335
1704127560,42800,42803,42766,42772,1.1778
1704127620,42772,42800,42772,42799,10.0712
1704127680,42799,42799,42778,42792,1.5258
1704127740,42792,42799,42789,42791,0.5558
1704127800,42791,42797,42791,42797,1.0114
1704127860,42797,42797,42790,42790,0.1171
1704127920,42790,42792,42790,42792,0.0003
1704127980,42792,42792,42775,42775,0.0415
1704128040,42775,42775,42753,42753,0.0004
1704128100,42753,42759,42753,42759,0.0003
1704128160,42759,42759,42759,42759,0.0
1704128220,42759,42761,42759,42761,0.0001
1704128280,42761,42761,42758,42758,0.0136
1704128340,42758,42763,42750,42763,1.0076
1704128400,42763,42789,42763,42783,0.7732
1704128460,42783,42792,42783,42790,1.6757
1704128520,42790,42790,42763,42783,0.9343
1704128580,42783,42813,42783,42811,1.7198
1704128640,42811,42811,42811,42811,0.0
1704128700,42811,42812,42806,42812,0.0101
1704128760,42812,42819,42811,42819,0.4861
1704128820,42819,42824,42818,42824,0.009
1704128880,42824,42824,42800,42800,1.3531
1704128940,42800,42803,42800,42803,0.0001
1704129000,42803,42803,42801,42801,0.0001
1704129060,42801,42815,42801,42815,1.1073
1704129120,42815,42815,42812,42812,0.0001
1704129180,42812,42824,42812,42823,1.0819
1704129240,42823,42823,42823,42823,0.0
1704129300,42823,42823,42823,42823,0.0
1704129360,42823,42823,42784,42784,1.7731
1704129420,42784,42805,42784,42805,0.1312
1704129480,42805,42811,42794,42806,0.4490000000000001
1704129540,42806,42810,42800,42800,0.5066
1704129600,42800,42800,42791,42792,0.4472
1704129660,42792,42792,42775,42777,0.5054
1704129720,42777,42777,42777,42777,0.0
1704129780,42777,42796,42777,42794,0.0905
1704129840,42794,42794,42794,42794,0.0
1704129900,42794,42794,42783,42783,0.2383
1704129960,42783,42803,42783,42803,0.6634
1704130020,42803,42806,42792,42792,0.8131
1704130080,42792,42792,42775,42781,0.3088
1704130140,42781,42794,42775,42775,0.0004
1704130200,42775,42789,42775,42789,0.0001
1704130260,42789,42789,42775,42775,0.0122
1704130320,42775,42785,42756,42763,1.4395
1704130380,42763,42769,42759,42763,0.1271
1704130440,42763,42763,42753,42756,0.4618
1704130500,42756,42769,42756,42769,1.3293
1704130560,42769,42771,42756,42756,0.0104
1704130620,42756,42756,42756,42756,0.0
1704130680,42756,42760,42754,42757,0.2406
1704130740,42757,42760,42750,42750,0.3995
1704130800,42750,42764,42750,42764,0.0715
1704130860,42764,42764,42762,42762,0.0001
1704130920,42762,42770,42762,42764,0.0059
1704130980,42764,42768,42764,42768,0.0001
1704131040,42768,42772,42768,42772,0.0001
1704131100,42772,42793,42772,42793,0.0111
1704131160,42793,42854,42793,42846,5.4575
1704131220,42846,42847,42826,42838,0.6272
1704131280,42838,42838,42838,42838,0.0
1704131340,42838,42850,42838,42850,0.0001
1704131400,42850,42859,42850,42854,1.0708
1704131460,42854,42874,42854,42864,2.6959
1704131520,42864,42864,42839,42850,0.6976
1704131580,42850,42855,42850,42850,0.1238
1704131640,42850,42867,42850,42865,10.5161
1704131700,42865,42870,42865,42867,0.0825
1704131760,42867,42867,42867,42867,0.55
1704131820,42867,42867,42844,42850,2.2547
1704131880,42850,42863,42850,42863,0.4402
1704131940,42863,42863,42857,42857,0.4423000000000001
1704132000,42857,42885,42857,42885,0.3203
1704132060,42885,42921,42870,42913,2.0921
1704132120,42913,42930,42897,42930,2.7885
1704132180,42930,42989,42930,42984,16.71439999999999
1704132240,42984,43004,42974,42990,20.8401
1704132300,42990,42992,42975,42977,1.187
1704132360,42977,42998,42977,42986,4.35
1704132420,42986,43053,42986,43046,4.5211
1704132480,43046,43110,43045,43089,25.9618
1704132540,43089,43089,43041,43059,9.8663
1704132600,43059,43084,43050,43084,0.5207
1704132660,43084,43087,43062,43068,3.261899999999999
1704132720,43068,43113,43062,43109,4.3815
1704132780,43109,43174,43109,43174,24.6418
1704132840,43174,43180,43154,43154,3.786899999999996
1704132900,43154,43282,43154,43231,40.12099999999997
1704132960,43231,43242,43158,43162,4.6934
1704133020,43162,43162,43105,43108,4.5885
1704133080,43108,43150,43100,43149,1.7659
1704133140,43149,43151,43104,43151,1.2459
1704133200,43151,43164,43113,43164,1.9692
1704133260,43164,43204,43164,43203,1.9485
1704133320,43203,43203,43127,43158,4.8198
1704133380,43158,43193,43158,43189,1.3296
1704133440,43189,43204,43173,43185,9.53000000000001
1704133500,43185,43219,43166,43203,16.8901
1704133560,43203,43203,43151,43168,8.5039
1704133620,43168,43174,43132,43160,3.736200000000001
1704133680,43160,43175,43160,43175,1.3184
1704133740,43175,43175,43135,43147,3.953
1704133800,43147,43163,43121,43121,4.3997
1704133860,43121,43148,43120,43120,1.6226
1704133920,43120,43134,43120,43132,0.034
1704133980,43132,43132,43096,43101,3.5187
1704134040,43101,43115,43101,43106,0.4767
1704134100,43106,43123,43100,43100,2.2885
1704134160,43100,43100,43076,43100,0.0613
1704134220,43100,43134,43100,43134,1.0805
1704134280,43134,43166,43129,43165,1.1489
1704134340,43165,43165,43142,43150,6.3891
1704134400,43150,43157,43136,43157,0.7139
1704134460,43157,43165,43147,43160,1.315
1704134520,43160,43211,43160,43200,8.1466
1704134580,43200,43229,43200,43206,10.3586
1704134640,43206,43225,43201,43225,1.0031
1704134700,43225,43249,43210,43249,1.5568
1704134760,43249,43249,43207,43216,1.9241
1704134820,43216,43229,43212,43229,0.0323
1704134880,43229,43229,43192,43200,4.6328
1704134940,43200,43208,43198,43208,1.0529
1704135000,43208,43229,43208,43219,1.1921
1704135060,43219,43250,43209,43209,1.8463
1704135120,43209,43229,43209,43229,0.1664
1704135180,43229,43229,43213,43213,0.0002
1704135240,43213,43213,43208,43209,1.5342
1704135300,43209,43209,43200,43200,0.0055
1704135360,43200,43200,43147,43159,1.9108
1704135420,43159,43163,43147,43147,1.3018
1704135480,43147,43171,43147,43171,3.132600000000001
1704135540,43171,43179,43171,43179,0.4264000000000001
1704135600,43179,43212,43179,43210,0.1032
1704135660,43210,43210,43159,43159,1.8379
1704135720,43159,43189,43159,43189,1.0206
1704135780,43189,43216,43189,43216,0.139
1704135840,43216,43220,43211,43211,2.7289
1704135900,43211,43231,43201,43230,3.065
1704135960,43230,43236,43226,43236,0.2688
1704136020,43236,43252,43222,43250,8.1224
1704136080,43250,43250,43249,43249,1.8585
1704136140,43249,43256,43226,43240,7.772
1704136200,43240,43240,43212,43216,0.0027
1704136260,43216,43225,43185,43224,2.098100000000001
1704136320,43224,43224,43222,43222,0.0001
1704136380,43222,43228,43222,43225,0.0002
1704136440,43225,43249,43225,43249,5.0358
1704136500,43249,43260,43248,43248,1.8635
1704136560,43248,43248,43211,43215,1.3056
1704136620,43215,43245,43215,43241,1.7258
1704136680,43241,43241,43239,43239,0.15
1704136740,43239,43251,43235,43248,0.0017
1704136800,43248,43260,43246,43246,1.7535
1704136860,43246,43255,43246,43253,0.4391000000000001
1704136920,43253,43267,43253,43266,0.5172
1704136980,43266,43266,43260,43266,0.5695
1704137040,43266,43275,43257,43275,1.9121
1704137100,43275,43288,43272,43280,2.352399999999999
1704137160,43280,43285,43259,43262,2.3955
1704137220,43262,43314,43260,43271,31.6097
1704137280,43271,43346,43271,43346,23.2249
1704137340,43346,43382,43334,43334,11.84420000000001
1704137400,43334,43341,43310,43321,3.4505
1704137460,43321,43348,43300,43341,2.025600000000001
1704137520,43341,43444,43341,43412,8.6807
1704137580,43412,43451,43395,43401,10.0251
1704137640,43401,43492,43401,43440,22.82150000000002
1704137700,43440,43449,43415,43426,5.3211
1704137760,43426,43427,43396,43396,5.1149
1704137820,43396,43407,43379,43406,1.9893
1704137880,43406,43437,43406,43437,0.1477
1704137940,43437,43470,43429,43462,2.640000000000001
1704138000,43462,43464,43390,43390,4.256899999999999
1704138060,43390,43430,43390,43413,0.6309
1704138120,43413,43435,43391,43435,1.3346
1704138180,43435,43451,43435,43451,0.3889
1704138240,43451,43471,43451,43469,5.0358
1704138300,43469,43499,43469,43498,13.6458
1704138360,43498,43522,43498,43515,14.27629999999999
1704138420,43515,43550,43514,43528,10.8865
1704138480,43528,43573,43518,43564,9.1013
1704138540,43564,43589,43541,43550,40.46940000000008
1704138600,43550,43575,43522,43575,2.378300000000001
1704138660,43575,43600,43566,43591,1.7189
1704138720,43591,43631,43585,43596,16.39419999999999
1704138780,43596,43622,43579,43617,4.073500000000002
1704138840,43617,43650,43609,43615,19.46580000000001
1704138900,43615,43617,43552,43570,34.0276
1704138960,43570,43603,43503,43552,28.8838
1704139020,43552,43570,43525,43566,3.659300000000002
1704139080,43566,43614,43564,43586,1.2361
1704139140,43586,43613,43572,43602,3.5942
1704139200,43602,43713,43595,43689,13.89279999999999
1704139260,43689,43752,43676,43692,35.57270000000003
1704139320,43692,43737,43676,43682,15.4784
1704139380,43682,43755,43680,43746,5.0384
1704139440,43746,43791,43742,43791,13.5268
1704139500,43791,43791,43713,43774,16.61119999999999
1704139560,43774,43815,43766,43773,19.6077
1704139620,43773,43797,43751,43765,14.5459
1704139680,43765,43793,43765,43775,2.5148
1704139740,43775,43795,43721,43774,21.3336
1704139800,43774,43826,43774,43825,12.8023
1704139860,43825,43827,43792,43813,17.3376
1704139920,43813,43813,43787,43800,10.374
1704139980,43800,43859,43799,43822,18.62000000000001
1704140040,43822,43822,43737,43737,5.1149
1704140100,43737,43780,43726,43764,5.6949
1704140160,43764,43796,43747,43750,3.6507
1704140220,43750,43767,43738,43738,2.7842
1704140280,43738,43738,43691,43735,6.4083
1704140340,43735,43735,43685,43699,4.6961
1704140400,43699,43715,43687,43712,2.7105
1704140460,43712,43715,43680,43680,21.66520000000001
1704140520,43680,43683,43600,43661,77.4449
1704140580,43661,43665,43646,43665,4.4023
1704140640,43665,43728,43664,43720,9.738
1704140700,43720,43768,43709,43760,2.971200000000001
1704140760,43760,43760,43733,43742,0.8146
1704140820,43742,43759,43735,43756,2.249600000000001
1704140880,43756,43795,43756,43789,2.972800000000001
1704140940,43789,43790,43775,43779,0.2459
1704141000,43779,43810,43764,43806,4.5685
1704141060,43806,43816,43802,43802,1.8309
1704141120,43802,43809,43750,43750,3.7207
1704141180,43750,43775,43736,43774,3.8254
1704141240,43774,43774,43752,43752,0.4457
1704141300,43752,43777,43751,43777,13.5156
1704141360,43777,43777,43738,43745,1.4235
1704141420,43745,43768,43745,43747,2.189200000000001
1704141480,43747,43771,43747,43753,1.3684
1704141540,43753,43757,43718,43749,5.7166
1704141600,43749,43799,43745,43787,1.3355
1704141660,43787,43798,43787,43795,4.78
1704141720,43795,43800,43779,43784,4.008000000000001
1704141780,43784,43823,43771,43820,5.6801
1704141840,43820,43906,43818,43891,15.6325
1704141900,43891,43942,43879,43888,10.2101
1704141960,43888,43927,43869,43905,2.1738
1704142020,43905,43928,43905,43912,3.5658
1704142080,43912,43920,43904,43904,0.8078
1704142140,43904,43904,43860,43863,0.9619
1704142200,43863,43863,43843,43849,0.2493
1704142260,43849,43849,43800,43800,1.14
1704142320,43800,43835,43791,43794,1.5018
1704142380,43794,43798,43790,43794,0.3857
1704142440,43794,43794,43771,43786,0.6381
1704142500,43786,43797,43777,43791,3.2781
1704142560,43791,43823,43791,43823,1.02
1704142620,43823,43823,43775,43776,0.2886
1704142680,43776,43776,43756,43756,0.438
1704142740,43756,43787,43750,43787,8.1926
1704142800,43787,43825,43782,43824,2.1605
1704142860,43824,43830,43813,43819,0.9808
1704142920,43819,43826,43787,43804,2.2305
1704142980,43804,43804,43791,43791,0.117
1704143040,43791,43830,43787,43830,0.866
1704143100,43830,43830,43800,43813,0.5506
1704143160,43813,43826,43813,43824,0.1248
1704143220,43824,43867,43824,43839,2.2691
1704143280,43839,43852,43822,43825,2.4192
1704143340,43825,43825,43780,43781,8.2505
1704143400,43781,43804,43781,43804,1.3875
1704143460,43804,43804,43789,43802,0.5342
1704143520,43802,43849,43802,43846,0.3832
1704143580,43846,43849,43809,43812,1.6604
1704143640,43812,43820,43799,43820,0.2424
1704143700,43820,43837,43820,43821,4.6206
1704143760,43821,43873,43821,43873,1.2832
1704143820,43873,43892,43855,43859,9.1024
1704143880,43859,43865,43838,43846,14.6369
1704143940,43846,43861,43842,43857,1.2641
1704144000,43857,43873,43835,43848,0.9694
1704144060,43848,43851,43812,43826,0.0959
1704144120,43826,43826,43812,43820,0.4324
1704144180,43820,43820,43786,43789,2.9356
1704144240,43789,43790,43766,43767,0.3801000000000001
1704144300,43767,43789,43766,43778,0.2301
1704144360,43778,43778,43771,43772,0.0204
1704144420,43772,43772,43723,43723,3.953899999999998
1704144480,43723,43737,43712,43734,0.7471
1704144540,43734,43744,43734,43741,0.2328
1704144600,43741,43741,43723,43723,0.5039
1704144660,43723,43723,43693,43697,2.202299999999999
1704144720,43697,43697,43684,43696,6.9557
1704144780,43696,43722,43696,43705,0.5052
1704144840,43705,43705,43684,43691,0.9766
1704144900,43691,43705,43676,43678,4.382800000000001
1704144960,43678,43682,43663,43664,2.3026
1704145020,43664,43674,43640,43647,2.339
1704145080,43647,43647,43607,43607,4.254100000000002
1704145140,43607,43617,43606,43614,0.4946
1704145200,43614,43650,43614,43642,1.4583
1704145260,43642,43642,43602,43602,0.3399
1704145320,43602,43604,43582,43582,3.112100000000001
1704145380,43582,43583,43556,43565,4.552
1704145440,43565,43566,43553,43564,5.2961
1704145500,43564,43593,43556,43575,3.2201
1704145560,43575,43580,43565,43565,1.2749
1704145620,43565,43600,43556,43600,3.299400000000001
1704145680,43600,43623,43584,43618,0.7557
1704145740,43618,43626,43602,43608,0.7359
1704145800,43608,43630,43608,43629,3.060000000000001
1704145860,43629,43633,43612,43633,0.1015
1704145920,43633,43681,43633,43676,1.908
1704145980,43676,43681,43660,43662,0.4519
1704146040,43662,43691,43661,43691,1.6823
1704146100,43691,43718,43691,43700,1.0477
1704146160,43700,43700,43688,43688,0.1401
1704146220,43688,43688,43666,43672,3.045400000000001
1704146280,43672,43680,43665,43674,1.1045
1704146340,43674,43704,43674,43704,1.526
1704146400,43704,43747,43704,43735,3.0996
1704146460,43735,43747,43734,43745,0.89
1704146520,43745,43745,43656,43657,2.7046
1704146580,43657,43657,43624,43643,6.9191
1704146640,43643,43643,43633,43642,1.417000000000001
1704146700,43642,43657,43641,43650,0.9722
1704146760,43650,43650,43612,43630,3.588500000000001
1704146820,43630,43639,43625,43630,0.4737
1704146880,43630,43663,43627,43656,2.7682
1704146940,43656,43656,43631,43642,1.2725
1704147000,43642,43655,43642,43644,0.935
1704147060,43644,43644,43619,43619,0.0028
1704147120,43619,43644,43616,43644,0.0017
1704147180,43644,43644,43608,43608,0.0255
1704147240,43608,43614,43607,43611,1.5595
1704147300,43611,43634,43601,43629,0.9947
1704147360,43629,43629,43610,43611,0.6898
1704147420,43611,43615,43580,43581,2.410200000000001
1704147480,43581,43581,43556,43556,0.9273
1704147540,43556,43556,43543,43544,1.8081
1704147600,43544,43545,43465,43484,6.3048
1704147660,43484,43492,43484,43486,0.1696
1704147720,43486,43547,43486,43536,1.7825
1704147780,43536,43571,43536,43558,1.2922
1704147840,43558,43587,43551,43579,0.13
1704147900,43579,43579,43490,43549,1.6728
1704147960,43549,43549,43512,43516,0.1272
1704148020,43516,43595,43516,43594,6.5429
1704148080,43594,43594,43557,43572,0.0512
1704148140,43572,43572,43561,43561,0.0023
1704148200,43561,43601,43555,43601,0.151
1704148260,43601,43613,43575,43575,0.0783
1704148320,43575,43593,43575,43585,0.0008
1704148380,43585,43585,43585,43585,0.0
1704148440,43585,43596,43585,43596,0.0005
1704148500,43596,43596,43582,43589,0.0476
1704148560,43589,43591,43589,43591,0.0001
1704148620,43591,43617,43591,43617,0.0736
1704148680,43617,43620,43617,43618,0.0989
1704148740,43618,43627,43618,43620,0.1075
1704148800,43620,43620,43606,43606,0.1817
1704148860,43606,43606,43592,43592,0.0022
1704148920,43592,43592,43549,43549,1.4122
1704148980,43549,43557,43549,43556,0.0068
1704149040,43556,43556,43534,43535,0.5852
1704149100,43535,43573,43530,43573,0.0992
1704149160,43573,43602,43573,43600,1.3529
1704149220,43600,43600,43595,43597,0.121
1704149280,43597,43600,43593,43593,0.1687
1704149340,43593,43593,43553,43563,0.0488
1704149400,43563,43563,43550,43550,0.0686
1704149460,43550,43558,43549,43556,0.1491
1704149520,43556,43556,43556,43556,0.0
1704149580,43556,43556,43556,43556,0.0
1704149640,43556,43556,43552,43552,0.0459
1704149700,43552,43585,43552,43574,16.11390000000001
1704149760,43574,43589,43574,43588,1.17
1704149820,43588,43588,43588,43588,0.0
1704149880,43588,43620,43584,43610,1.354
1704149940,43610,43627,43610,43619,2.1272
1704150000,43619,43687,43619,43687,1.501099999999999
1704150060,43687,43731,43687,43705,1.4337
1704150120,43705,43728,43705,43708,0.7091
1704150180,43708,43761,43695,43753,0.4227
1704150240,43753,43799,43746,43790,7.6342
1704150300,43790,43804,43761,43797,2.5305
1704150360,43797,43801,43751,43782,1.8607
1704150420,43782,43782,43725,43729,1.3359
1704150480,43729,43740,43729,43739,0.2764
1704150540,43739,43755,43726,43755,6.7737
1704150600,43755,43766,43753,43753,0.0784
1704150660,43753,43753,43728,43738,3.3188
1704150720,43738,43784,43738,43776,1.1576
1704150780,43776,43809,43771,43795,7.6691
1704150840,43795,43795,43781,43789,0.1343
1704150900,43789,43789,43721,43733,5.5161
1704150960,43733,43766,43728,43760,0.5858
1704151020,43760,43822,43760,43822,2.281400000000001
1704151080,43822,43863,43821,43856,1.249
1704151140,43856,43856,43836,43841,0.3659
1704151200,43841,43857,43832,43857,0.9527
1704151260,43857,43907,43857,43896,1.334
1704151320,43896,43906,43896,43906,0.6963
1704151380,43906,43948,43889,43889,6.332
1704151440,43889,43924,43872,43924,1.1775
1704151500,43924,43988,43913,43988,9.8898
1704151560,43988,44024,43978,43989,14.90660000000001
1704151620,43989,44071,43962,44059,7.6848
1704151680,44059,44164,44050,44089,18.0928
1704151740,44089,44122,44086,44101,4.7234
1704151800,44101,44101,44074,44096,5.8632
1704151860,44096,44116,44040,44116,3.237000000000001
1704151920,44116,44171,44099,44157,5.1563
1704151980,44157,44175,44048,44137,20.33970000000001
1704152040,44137,44157,44104,44111,4.3106
1704152100,44111,44132,44067,44074,3.3777
1704152160,44074,44110,44003,44100,11.9409
1704152220,44100,44148,44078,44148,5.8067
1704152280,44148,44215,44146,44215,12.3617
1704152340,44215,44217,44179,44209,2.1437
1704152400,44209,44218,44169,44169,2.9048
1704152460,44169,44181,44144,44181,1.9993
1704152520,44181,44190,44149,44149,1.1764
1704152580,44149,44190,44135,44190,3.2912
1704152640,44190,44203,44185,44185,1.8874
1704152700,44185,44186,44145,44171,2.0634
1704152760,44171,44206,44163,44193,0.3415
1704152820,44193,44217,44193,44193,0.4656
1704152880,44193,44193,44168,44184,1.0075
1704152940,44184,44184,44169,44169,0.0162
1704153000,44169,44214,44169,44207,8.7483
1704153060,44207,44250,44200,44249,10.0784
1704153120,44249,44297,44249,44259,7.7969
1704153180,44259,44266,44212,44257,3.672800000000001
1704153240,44257,44257,44234,44236,0.0338
1704153300,44236,44243,44213,44239,4.7021
1704153360,44239,44251,44234,44234,0.0106
1704153420,44234,44256,44234,44239,0.893
1704153480,44239,44261,44225,44258,7.4538
1704153540,44258,44281,44253,44278,0.9264
1704153600,44278,44289,44240,44273,15.031
1704153660,44273,44355,44271,44322,22.65449999999999
1704153720,44322,44335,44260,44290,13.68690000000001
1704153780,44290,44313,44267,44303,2.5592
1704153840,44303,44377,44303,44377,5.8489
1704153900,44377,44445,44376,44444,25.83549999999999
1704153960,44444,44564,44438,44489,21.73649999999999
1704154020,44489,44555,44457,44555,5.5836
1704154080,44555,44555,44476,44499,20.89389999999998
1704154140,44499,44515,44473,44510,3.9006
1704154200,44510,44546,44470,44533,8.19
1704154260,44533,44622,44528,44608,21.025
1704154320,44608,44640,44596,44619,27.6197
1704154380,44619,44751,44619,44729,25.79929999999999
1704154440,44729,44806,44726,44778,21.75060000000001
1704154500,44778,44917,44679,44691,22.90720000000001
1704154560,44691,44699,44590,44633,27.1103
1704154620,44633,44758,44626,44758,9.34120000000001
1704154680,44758,44891,44758,44800,31.18539999999996
1704154740,44800,44813,44672,44699,7.6595
1704154800,44699,44726,44678,44726,3.100500000000002
1704154860,44726,44861,44726,44832,10.33830000000001
1704154920,44832,44865,44745,44826,9.0009
1704154980,44826,44931,44826,44924,8.1864
1704155040,44924,45172,44900,44913,151.2120000000002
1704155100,44913,44913,44766,44848,24.1184
1704155160,44848,44900,44761,44899,27.59529999999999
1704155220,44899,44904,44729,44760,15.6944
1704155280,44760,44794,44687,44758,44.46910000000003
1704155340,44758,44788,44700,44721,11.3049
1704155400,44721,44758,44712,44748,3.511300000000002
1704155460,44748,44752,44668,44745,5.6302
1704155520,44745,44805,44745,44802,1.751499999999999
1704155580,44802,44849,44793,44818,7.0344
1704155640,44818,44818,44754,44771,2.029599999999999
1704155700,44771,44836,44733,44735,1.3253
1704155760,44735,44779,44700,44702,2.157700000000002
1704155820,44702,44714,44680,44697,3.202100000000002
1704155880,44697,44700,44670,44675,5.9004
1704155940,44675,44688,44657,44680,11.3736
1704156000,44680,44746,44667,44724,4.9694
1704156060,44724,44796,44724,44796,1.314899999999998
1704156120,44796,44864,44770,44820,5.4339
1704156180,44820,44875,44820,44861,0.4984
1704156240,44861,44864,44808,44837,2.343700000000001
1704156300,44837,44844,44793,44793,2.0421
1704156360,44793,44800,44769,44780,10.8958
1704156420,44780,44899,44777,44890,18.33559999999999
1704156480,44890,44910,44861,44900,4.509
1704156540,44900,44910,44807,44807,3.838199999999999
1704156600,44807,44890,44802,44880,2.3598
1704156660,44880,44889,44812,44863,1.0068
1704156720,44863,44867,44838,44859,5.8389
1704156780,44859,44911,44859,44899,0.9501
1704156840,44899,44926,44893,44926,1.7224
1704156900,44926,44985,44926,44952,7.0896
1704156960,44952,44992,44928,44983,12.75750000000001
1704157020,44983,45277,44977,45202,60.6421000000003
1704157080,45202,45277,45159,45201,55.2838000000001
1704157140,45201,45382,45180,45241,59.8618000000001
1704157200,45241,45378,45202,45217,26.7621
1704157260,45217,45321,45184,45268,5.577
1704157320,45268,45320,45235,45292,4.199400000000004
1704157380,45292,45322,45245,45250,3.702900000000001
1704157440,45250,45280,45199,45272,6.55770000000001
1704157500,45272,45320,45262,45290,18.9846
1704157560,45290,45394,45287,45368,13.02029999999999
1704157620,45368,45386,45331,45371,11.26910000000001
1704157680,45371,45540,45369,45501,41.24030000000001
1704157740,45501,45501,45312,45347,18.57329999999999
1704157800,45347,45358,45285,45328,6.3851
1704157860,45328,45328,45140,45158,17.0623
1704157920,45158,45165,45122,45132,12.5192
1704157980,45132,45135,45027,45035,11.385
1704158040,45035,45049,44995,44995,16.15070000000001
1704158100,44995,45073,44977,44986,18.909
1704158160,44986,45081,44986,45081,1.882299999999999
1704158220,45081,45113,45055,45055,3.462100000000001
1704158280,45055,45101,45055,45087,2.732100000000001
1704158340,45087,45133,45056,45113,3.188400000000002
1704158400,45113,45123,45069,45103,1.6064
1704158460,45103,45103,45039,45046,4.8588
1704158520,45046,45062,45035,45039,3.057600000000001
1704158580,45039,45125,45039,45116,2.0901
1704158640,45116,45128,45105,45106,2.0985
1704158700,45106,45124,45076,45117,3.085900000000001
1704158760,45117,45192,45117,45183,2.7205
1704158820,45183,45206,45147,45172,15.4638
1704158880,45172,45172,45060,45060,4.505
1704158940,45060,45068,45033,45052,1.154
1704159000,45052,45101,45052,45067,3.632600000000001
1704159060,45067,45151,45067,45102,1.1875
1704159120,45102,45121,45072,45077,1.5552
1704159180,45077,45122,45063,45072,0.7998
1704159240,45072,45072,45011,45022,0.9801
1704159300,45022,45022,44944,44970,37.17520000000001
1704159360,44970,44974,44955,44968,5.3716
1704159420,44968,44973,44927,44932,3.505000000000001
1704159480,44932,44976,44930,44948,2.871
1704159540,44948,44948,44912,44936,9.4464
1704159600,44936,45058,44936,45037,5.351
1704159660,45037,45048,44955,44965,7.282
1704159720,44965,44965,44918,44920,5.5045
1704159780,44920,45011,44920,44964,6.5832
1704159840,44964,44973,44919,44920,2.772400000000001
1704159900,44920,44963,44920,44921,1.5087
1704159960,44921,44939,44920,44920,9.8012
1704160020,44920,44920,44881,44885,11.1939
1704160080,44885,44913,44865,44905,5.1552
1704160140,44905,44905,44796,44806,4.7434
1704160200,44806,44858,44806,44849,12.68800000000001
1704160260,44849,44867,44840,44841,1.253
1704160320,44841,44900,44841,44900,1.5931
1704160380,44900,44925,44894,44914,0.592
1704160440,44914,44922,44885,44919,0.8827
1704160500,44919,44979,44901,44975,0.1397
1704160560,44975,44986,44950,44986,1.5411
1704160620,44986,45036,44969,45023,2.427200000000002
1704160680,45023,45023,44957,44957,5.2534
1704160740,44957,44984,44951,44984,0.0349
1704160800,44984,45025,44984,45006,1.1014
1704160860,45006,45027,45006,45019,1.8807
1704160920,45019,45058,45007,45057,2.013
1704160980,45057,45075,45031,45060,1.5782
1704161040,45060,45070,45060,45070,0.4846
1704161100,45070,45078,45045,45049,11.2765
1704161160,45049,45075,45049,45053,10.4824
1704161220,45053,45084,45053,45075,1.8442
1704161280,45075,45099,45072,45095,13.3731
1704161340,45095,45113,45076,45110,5.4238
1704161400,45110,45123,45049,45061,8.36120000000001
1704161460,45061,45100,45054,45100,2.0694
1704161520,45100,45129,45092,45115,11.1559
1704161580,45115,45115,45074,45075,4.216399999999999
1704161640,45075,45111,45064,45097,2.2541
1704161700,45097,45143,45088,45121,4.340599999999999
1704161760,45121,45127,45071,45079,6.5485
1704161820,45079,45087,45050,45050,2.5677
1704161880,45050,45053,45011,45011,5.7991
1704161940,45011,45042,45011,45040,0.5937
1704162000,45040,45077,45040,45061,0.3196000000000001
1704162060,45061,45107,45061,45107,0.462
1704162120,45107,45178,45107,45146,3.299300000000001
1704162180,45146,45189,45146,45146,14.6613
1704162240,45146,45146,45085,45103,5.9298
1704162300,45103,45150,45103,45141,2.066000000000001
1704162360,45141,45165,45141,45162,1.8935
1704162420,45162,45199,45148,45197,10.2118
1704162480,45197,45223,45191,45198,6.6758
1704162540,45198,45231,45198,45226,3.508300000000001
1704162600,45226,45242,45205,45231,13.8998
1704162660,45231,45253,45187,45217,3.650000000000002
1704162720,45217,45237,45200,45237,2.4332
1704162780,45237,45287,45237,45284,15.2796
1704162840,45284,45297,45244,45263,12.94000000000001
1704162900,45263,45279,45245,45272,2.2802
1704162960,45272,45272,45251,45262,1.067
1704163020,45262,45299,45253,45287,1.7056
1704163080,45287,45308,45268,45307,14.26070000000001
1704163140,45307,45312,45276,45297,12.2273
1704163200,45297,45348,45296,45348,3.033300000000001
1704163260,45348,45364,45322,45353,13.51770000000001
1704163320,45353,45361,45330,45354,11.3376
1704163380,45354,45404,45341,45404,9.5166
1704163440,45404,45432,45394,45403,8.5505
1704163500,45403,45417,45361,45403,17.66339999999999
1704163560,45403,45403,45311,45350,11.2176
1704163620,45350,45365,45322,45356,5.7129
1704163680,45356,45356,45337,45356,0.1701
1704163740,45356,45369,45262,45308,23.17269999999999
1704163800,45308,45310,45279,45283,1.2509
1704163860,45283,45367,45283,45354,12.6043
1704163920,45354,45364,45323,45344,4.352899999999999
1704163980,45344,45364,45314,45364,3.113300000000001
1704164040,45364,45366,45350,45366,0.8168
1704164100,45366,45391,45366,45391,0.3364
1704164160,45391,45429,45364,45428,1.0783
1704164220,45428,45453,45391,45444,1.0327
1704164280,45444,45492,45442,45492,1.1376
1704164340,45492,45509,45472,45507,13.9064
1704164400,45507,45590,45417,45423,27.80629999999998
1704164460,45423,45467,45402,45421,8.4228
1704164520,45421,45421,45333,45359,3.8582
1704164580,45359,45361,45325,45325,1.2042
1704164640,45325,45347,45230,45230,8.8322
1704164700,45230,45326,45230,45323,9.563
1704164760,45323,45330,45282,45289,1.8748
1704164820,45289,45306,45267,45286,0.9949
1704164880,45286,45314,45271,45308,1.1244
1704164940,45308,45308,45275,45283,0.4271
1704165000,45283,45346,45283,45343,0.5342
1704165060,45343,45350,45334,45337,0.0317
1704165120,45337,45365,45315,45365,0.4452
1704165180,45365,45386,45364,45382,1.3263
1704165240,45382,45382,45353,45359,0.4854
1704165300,45359,45407,45346,45407,0.808
1704165360,45407,45416,45390,45392,0.5345
1704165420,45392,45417,45373,45415,0.457
1704165480,45415,45415,45340,45341,0.3049000000000001
1704165540,45341,45352,45285,45326,19.79129999999999
1704165600,45326,45342,45292,45333,1.6983
1704165660,45333,45333,45306,45306,0.0542
1704165720,45306,45306,45298,45304,1.354
1704165780,45304,45436,45304,45409,7.90720000000001
1704165840,45409,45446,45409,45423,1.8267
1704165900,45423,45475,45423,45428,1.951200000000001
1704165960,45428,45428,45335,45335,4.251300000000003
1704166020,45335,45399,45335,45396,0.5034
1704166080,45396,45415,45396,45410,0.6334
1704166140,45410,45410,45395,45397,10.9262
1704166200,45397,45473,45397,45472,1.5245
1704166260,45472,45472,45456,45466,0.0474
1704166320,45466,45466,45430,45446,1.2985
1704166380,45446,45479,45446,45465,1.2388
1704166440,45465,45465,45436,45450,1.4171
1704166500,45450,45450,45422,45443,0.3626
1704166560,45443,45455,45430,45455,0.4671
1704166620,45455,45455,45422,45422,0.0617
1704166680,45422,45460,45422,45448,0.2741
1704166740,45448,45470,45448,45458,4.055800000000001
1704166800,45458,45489,45458,45477,10.8644
1704166860,45477,45550,45477,45546,7.4889
1704166920,45546,45549,45518,45538,4.7722
1704166980,45538,45606,45518,45557,11.1652
1704167040,45557,45562,45520,45523,2.3737
1704167100,45523,45538,45464,45520,4.6953
1704167160,45520,45555,45506,45506,2.373
1704167220,45506,45515,45442,45457,1.5187
1704167280,45457,45500,45441,45457,2.0311
1704167340,45457,45475,45442,45453,0.6543
1704167400,45453,45541,45453,45528,0.5428
1704167460,45528,45528,45495,45505,5.6239
1704167520,45505,45544,45494,45506,2.262
1704167580,45506,45519,45495,45495,1.741
1704167640,45495,45511,45475,45500,2.2085
1704167700,45500,45500,45474,45479,0.4391
1704167760,45479,45490,45475,45485,1.2971
1704167820,45485,45495,45468,45475,0.7416
1704167880,45475,45490,45471,45490,1.9445
1704167940,45490,45509,45478,45509,0.0573
1704168000,45509,45548,45509,45524,0.953
1704168060,45524,45541,45504,45541,1.1976
1704168120,45541,45541,45483,45493,4.217400000000001
1704168180,45493,45549,45481,45543,6.0521
1704168240,45543,45574,45476,45476,6.1996
1704168300,45476,45482,45469,45476,0.0414
1704168360,45476,45476,45369,45382,4.326499999999999
1704168420,45382,45433,45374,45433,1.2795
1704168480,45433,45433,45342,45346,10.488
1704168540,45346,45363,45346,45363,0.0084
1704168600,45363,45397,45360,45363,0.5054
1704168660,45363,45399,45363,45388,4.494
1704168720,45388,45402,45388,45400,0.0488
1704168780,45400,45426,45400,45426,0.0086
1704168840,45426,45499,45426,45499,2.4045
1704168900,45499,45515,45464,45464,2.346800000000001
1704168960,45464,45474,45415,45419,0.3929000000000001
1704169020,45419,45449,45401,45449,0.9342
1704169080,45449,45468,45416,45422,2.2446
1704169140,45422,45447,45379,45385,0.6308
1704169200,45385,45415,45385,45415,0.7367
1704169260,45415,45415,45395,45403,0.002
1704169320,45403,45432,45403,45410,0.0028
1704169380,45410,45435,45410,45435,0.0289
1704169440,45435,45435,45400,45411,0.0674
1704169500,45411,45416,45403,45416,0.0104
1704169560,45416,45427,45413,45413,0.0501
1704169620,45413,45433,45413,45428,0.001
1704169680,45428,45443,45427,45430,0.4204
1704169740,45430,45461,45430,45461,0.0007
1704169800,45461,45480,45443,45443,0.0064
1704169860,45443,45447,45402,45417,0.4449
1704169920,45417,45417,45392,45392,0.0387
1704169980,45392,45445,45382,45411,0.1436
1704170040,45411,45411,45374,45381,1.1766
1704170100,45381,45393,45364,45380,0.2934
1704170160,45380,45388,45363,45369,0.3014
1704170220,45369,45388,45369,45388,0.3001
1704170280,45388,45389,45364,45365,0.0714
1704170340,45365,45365,45299,45299,7.91620000000001
1704170400,45299,45353,45299,45353,8.9257
1704170460,45353,45353,45306,45327,1.5093
1704170520,45327,45356,45327,45339,0.3468000000000001
1704170580,45339,45339,45315,45315,14.9877
1704170640,45315,45326,45220,45303,88.1997
1704170700,45303,45316,45299,45311,9.9244
1704170760,45311,45332,45293,45322,3.0154
1704170820,45322,45335,45298,45298,0.9529
1704170880,45298,45331,45298,45331,3.0071
1704170940,45331,45331,45307,45310,2.0203
1704171000,45310,45316,45300,45300,1.3593
1704171060,45300,45325,45296,45300,2.857500000000001
1704171120,45300,45329,45298,45298,1.1847
1704171180,45298,45330,45298,45298,3.2142
1704171240,45298,45298,45284,45296,3.027800000000001
1704171300,45296,45296,45283,45283,1.6247
1704171360,45283,45300,45270,45283,1.8657
1704171420,45283,45283,45262,45262,1.9754
1704171480,45262,45284,45262,45271,0.9023
1704171540,45271,45293,45269,45276,2.0239
1704171600,45276,45276,45246,45246,3.1925
1704171660,45246,45268,45238,45241,2.4106
1704171720,45241,45249,45241,45248,0.0031
1704171780,45248,45248,45213,45219,2.1296
1704171840,45219,45252,45218,45231,3.018299999999999
1704171900,45231,45244,45221,45235,3.8695
1704171960,45235,45265,45235,45260,0.0013
1704172020,45260,45306,45260,45305,0.2447
1704172080,45305,45338,45305,45313,1.6458
1704172140,45313,45360,45313,45359,3.008
1704172200,45359,45379,45350,45377,0.5459
1704172260,45377,45378,45356,45377,12.4773
1704172320,45377,45380,45368,45380,3.501000000000002
1704172380,45380,45409,45380,45409,3.585100000000001
1704172440,45409,45452,45409,45429,8.28230000000001
1704172500,45429,45440,45422,45436,0.9729
1704172560,45436,45436,45357,45360,25.73929999999999
1704172620,45360,45374,45357,45374,6.5512
1704172680,45374,45374,45365,45373,0.7239
1704172740,45373,45393,45359,45359,0.2171
1704172800,45359,45393,45359,45376,0.9646
1704172860,45376,45386,45362,45380,0.2035
1704172920,45380,45389,45362,45370,0.7134
1704172980,45370,45370,45364,45370,0.2393
1704173040,45370,45394,45362,45373,0.1679000000000001
1704173100,45373,45390,45364,45366,2.3959
1704173160,45366,45399,45366,45399,3.2107
1704173220,45399,45399,45358,45361,0.0135
1704173280,45361,45378,45360,45360,1.873
1704173340,45360,45382,45359,45376,0.121
1704173400,45376,45384,45357,45357,10.55880000000001
1704173460,45357,45358,45344,45354,2.8186
1704173520,45354,45366,45338,45366,0.2004
1704173580,45366,45378,45358,45358,0.0282
1704173640,45358,45387,45351,45387,1.1047
1704173700,45387,45400,45364,45379,0.55
1704173760,45379,45390,45357,45367,1.6219
1704173820,45367,45385,45365,45385,0.3843000000000001
1704173880,45385,45413,45385,45410,0.752
1704173940,45410,45415,45410,45411,0.1105
1704174000,45411,45411,45393,45393,0.0061
1704174060,45393,45393,45366,45383,0.0306
1704174120,45383,45383,45356,45356,0.0006
1704174180,45356,45376,45347,45376,0.8829
1704174240,45376,45380,45359,45359,0.4452
1704174300,45359,45367,45346,45346,0.0826
1704174360,45346,45360,45337,45358,3.265800000000001
1704174420,45358,45415,45358,45397,1.7544
1704174480,45397,45441,45397,45418,1.1927
1704174540,45418,45424,45399,45399,1.6362
1704174600,45399,45425,45382,45409,3.316300000000001
1704174660,45409,45409,45339,45342,1.8826
1704174720,45342,45342,45309,45309,0.4965
1704174780,45309,45309,45251,45263,1.5352
1704174840,45263,45276,45251,45276,0.9151
1704174900,45276,45288,45261,45288,1.3175
1704174960,45288,45308,45288,45308,1.5198
1704175020,45308,45309,45285,45309,0.8497
1704175080,45309,45309,45289,45298,0.0104
1704175140,45298,45308,45285,45291,0.9739
1704175200,45291,45291,45271,45271,0.8227
1704175260,45271,45296,45270,45270,1.2281
1704175320,45270,45282,45261,45261,0.729
1704175380,45261,45267,45250,45250,0.2165
1704175440,45250,45296,45242,45287,1.5608
1704175500,45287,45303,45269,45303,0.3547000000000001
1704175560,45303,45303,45281,45295,0.8427
1704175620,45295,45320,45261,45261,1.808
1704175680,45261,45291,45245,45289,0.6207
1704175740,45289,45303,45282,45289,1.1528
1704175800,45289,45331,45289,45324,0.246
1704175860,45324,45324,45318,45323,0.0669
1704175920,45323,45334,45317,45333,0.2160000000000001
1704175980,45333,45346,45326,45343,0.4341
1704176040,45343,45346,45343,45346,0.0004
1704176100,45346,45348,45309,45317,0.4903
1704176160,45317,45328,45305,45327,0.566
1704176220,45327,45356,45327,45346,1.4377
1704176280,45346,45348,45346,45348,0.0003
1704176340,45348,45348,45328,45343,0.8676
1704176400,45343,45343,45311,45326,1.4674
1704176460,45326,45326,45321,45325,0.5427
1704176520,45325,45352,45323,45323,0.3214
1704176580,45323,45352,45323,45342,0.6875
1704176640,45342,45353,45341,45353,0.1277
1704176700,45353,45371,45352,45352,0.4471
1704176760,45352,45385,45352,45385,0.2861
1704176820,45385,45390,45363,45364,0.4557
1704176880,45364,45369,45361,45361,0.0003
1704176940,45361,45371,45351,45351,0.4534
1704177000,45351,45351,45327,45333,0.178
1704177060,45333,45333,45323,45323,0.1223
1704177120,45323,45332,45305,45315,5.5596
1704177180,45315,45327,45315,45325,1.041
1704177240,45325,45325,45311,45313,0.0003
1704177300,45313,45338,45313,45338,0.0004
1704177360,45338,45345,45332,45345,0.0671
1704177420,45345,45364,45345,45358,0.0419
1704177480,45358,45363,45333,45333,0.2052
1704177540,45333,45339,45330,45339,0.0008
1704177600,45339,45394,45339,45394,2.8469
1704177660,45394,45416,45382,45389,1.5648
1704177720,45389,45412,45389,45400,0.6047
1704177780,45400,45400,45400,45400,0.0
1704177840,45400,45400,45400,45400,0.08
1704177900,45400,45421,45371,45373,3.4526
1704177960,45373,45387,45373,45382,2.0
1704178020,45382,45388,45375,45375,0.4966
1704178080,45375,45375,45354,45354,0.4533
1704178140,45354,45391,45351,45391,0.4031
1704178200,45391,45422,45391,45403,1.7372
1704178260,45403,45404,45384,45386,0.2527
1704178320,45386,45388,45360,45360,0.5421
1704178380,45360,45367,45332,45332,2.0352
1704178440,45332,45359,45332,45358,0.6006
1704178500,45358,45377,45358,45365,1.7683
1704178560,45365,45365,45351,45358,0.0201
1704178620,45358,45358,45336,45343,0.0076
1704178680,45343,45343,45327,45329,0.2013
1704178740,45329,45332,45267,45267,4.3228
1704178800,45267,45304,45267,45285,0.6016
1704178860,45285,45317,45285,45312,2.4245
1704178920,45312,45339,45289,45338,8.2797
1704178980,45338,45352,45337,45349,1.796000000000001
1704179040,45349,45349,45345,45348,0.1539
1704179100,45348,45362,45348,45356,0.9265
1704179160,45356,45392,45356,45392,1.5418
1704179220,45392,45394,45382,45384,1.418
1704179280,45384,45399,45372,45399,0.1619
1704179340,45399,45452,45399,45452,0.7474
1704179400,45452,45512,45452,45505,9.0607
1704179460,45505,45505,45466,45470,2.1936
1704179520,45470,45497,45469,45481,2.4751
1704179580,45481,45481,45450,45453,0.8901
1704179640,45453,45455,45449,45455,0.5859
1704179700,45455,45479,45455,45477,1.062
1704179760,45477,45477,45426,45426,2.568700000000001
1704179820,45426,45455,45414,45455,5.7452
1704179880,45455,45479,45454,45475,3.916600000000001
1704179940,45475,45475,45462,45466,1.0262
1704180000,45466,45512,45466,45510,1.629
1704180060,45510,45510,45454,45475,2.719000000000001
1704180120,45475,45514,45475,45514,1.5121
1704180180,45514,45555,45514,45547,2.181400000000001
1704180240,45547,45585,45545,45585,6.1105
1704180300,45585,45999,45585,45676,109.9082000000002
1704180360,45676,45707,45621,45686,41.63860000000002
1704180420,45686,45719,45614,45614,4.87660000000001
1704180480,45614,45617,45559,45568,9.7452
1704180540,45568,45585,45551,45581,2.492100000000001
1704180600,45581,45596,45532,45538,2.3756
1704180660,45538,45540,45492,45532,5.0929
1704180720,45532,45532,45412,45452,17.0513
1704180780,45452,45453,45412,45452,5.3688
1704180840,45452,45503,45427,45503,3.843900000000001
1704180900,45503,45536,45458,45458,2.6757
1704180960,45458,45458,45420,45443,2.5664
1704181020,45443,45535,45443,45520,2.458500000000002
1704181080,45520,45561,45519,45551,4.124400000000001
1704181140,45551,45555,45529,45529,1.2502
1704181200,45529,45554,45529,45545,1.9983
1704181260,45545,45559,45508,45514,0.7425
1704181320,45514,45597,45514,45596,2.0535
1704181380,45596,45634,45577,45623,5.2436
1704181440,45623,45664,45623,45664,2.6662
1704181500,45664,45664,45613,45620,5.9394
1704181560,45620,45660,45611,45654,1.7511
1704181620,45654,45654,45581,45599,2.491900000000001
1704181680,45599,45637,45587,45623,2.7015
1704181740,45623,45660,45623,45644,18.39099999999996
1704181800,45644,45644,45607,45619,2.9351
1704181860,45619,45619,45596,45599,0.969
1704181920,45599,45641,45596,45638,6.8794
1704181980,45638,45638,45595,45609,0.1137
1704182040,45609,45615,45585,45585,1.2753
1704182100,45585,45618,45582,45606,2.571300000000001
1704182160,45606,45628,45603,45603,2.6882
1704182220,45603,45625,45582,45619,2.6532
1704182280,45619,45619,45575,45575,1.1372
1704182340,45575,45587,45556,45587,0.5304
1704182400,45587,45619,45565,45619,1.633900000000001
1704182460,45619,45620,45605,45619,0.1912
1704182520,45619,45636,45586,45589,2.2628
1704182580,45589,45589,45558,45570,2.5467
1704182640,45570,45570,45554,45554,0.0386
1704182700,45554,45555,45538,45538,3.3244
1704182760,45538,45538,45489,45489,6.0637
1704182820,45489,45489,45451,45454,2.1039
1704182880,45454,45487,45454,45467,0.1995999999999999
1704182940,45467,45495,45455,45495,0.5573
1704183000,45495,45503,45488,45500,6.3471
1704183060,45500,45575,45500,45575,1.2731
1704183120,45575,45629,45575,45629,0.8694
1704183180,45629,45737,45619,45698,14.3937
1704183240,45698,45798,45698,45776,8.7413
1704183300,45776,45869,45689,45731,25.6068
1704183360,45731,45774,45715,45750,3.829000000000001
1704183420,45750,45797,45726,45791,4.033600000000001
1704183480,45791,45860,45774,45855,3.8826
1704183540,45855,45884,45796,45848,14.8297
1704183600,45848,45961,45841,45871,29.15410000000001
1704183660,45871,45967,45871,45961,4.052700000000001
1704183720,45961,45963,45904,45936,3.8318
1704183780,45936,45960,45892,45946,1.6335
1704183840,45946,45953,45875,45916,1.3146
1704183900,45916,45929,45836,45842,5.6385
1704183960,45842,45882,45814,45844,11.96330000000001
1704184020,45844,45888,45837,45888,3.307900000000001
1704184080,45888,45900,45836,45859,4.9728
1704184140,45859,45869,45834,45869,0.3720000000000001
1704184200,45869,45869,45827,45844,11.0023
1704184260,45844,45967,45844,45939,7.1078
1704184320,45939,45942,45846,45846,0.0335
1704184380,45846,45854,45819,45849,14.00030000000001
1704184440,45849,45883,45821,45841,22.71810000000002
1704184500,45841,45865,45753,45838,29.43399999999999
1704184560,45838,45905,45812,45894,1.4614
1704184620,45894,45894,45809,45821,1.3911
1704184680,45821,45858,45817,45858,1.054
1704184740,45858,45858,45777,45797,0.7322
1704184800,45797,45811,45755,45773,2.3377
1704184860,45773,45859,45766,45789,3.786800000000001
1704184920,45789,45803,45776,45803,0.6799
1704184980,45803,45803,45698,45746,3.6915
1704185040,45746,45800,45746,45784,1.438
1704185100,45784,45784,45734,45749,1.8088
1704185160,45749,45754,45717,45754,0.9564
1704185220,45754,45781,45709,45736,1.9865
1704185280,45736,45795,45701,45795,2.4025
1704185340,45795,45859,45756,45833,1.7049
1704185400,45833,45855,45815,45845,2.471600000000001
1704185460,45845,45894,45845,45874,8.2896
1704185520,45874,45889,45857,45886,2.3567
1704185580,45886,45891,45856,45891,0.0134
1704185640,45891,45932,45884,45925,9.2537
1704185700,45925,45933,45897,45923,4.422800000000001
1704185760,45923,45949,45889,45914,8.8973
1704185820,45914,45928,45898,45898,3.2428
1704185880,45898,45913,45883,45896,1.4528
1704185940,45896,45902,45875,45894,0.5798
1704186000,45894,45916,45875,45903,1.3765
1704186060,45903,45911,45876,45911,5.1335
1704186120,45911,45943,45911,45933,3.013600000000001
1704186180,45933,45945,45918,45944,4.261500000000002
1704186240,45944,45970,45937,45964,2.631000000000001
1704186300,45964,46000,45961,45976,3.950300000000003
1704186360,45976,46020,45974,46013,6.8103
1704186420,46013,46014,45917,45921,3.1003
1704186480,45921,45947,45878,45928,3.8922
1704186540,45928,45928,45858,45858,3.0515
1704186600,45858,45878,45853,45853,1.1402
1704186660,45853,45865,45850,45854,1.6633
1704186720,45854,45860,45832,45837,1.342
1704186780,45837,45848,45830,45831,0.3091
1704186840,45831,45831,45790,45817,3.658
1704186900,45817,45842,45791,45842,5.3921
1704186960,45842,45862,45821,45862,6.2395
1704187020,45862,45887,45834,45885,2.976200000000001
1704187080,45885,45894,45863,45863,0.2258
1704187140,45863,45863,45835,45847,0.3969
