datetime,predicted_direction,action,buy_price,sell_price,balance,pnl,pnl_sum
2025-01-01 01:00:00+00:00,long,buy,94363.6,0.0,999.5,-0.05,-0.05
2025-01-01 08:27:00+00:00,long,sell - stop_loss,94363.6,93419.964,989.01,-1.05,-1.1
2025-01-01 09:00:00+00:00,long,buy,93398.2,0.0,988.51,-0.05,-1.15
2025-01-02 08:57:00+00:00,long,sell - take_profit,93398.2,96200.146,1017.67,2.95,1.8
2025-01-02 13:00:00+00:00,long,buy,96830.0,0.0,1017.16,-0.05,1.75
2025-01-06 05:34:00+00:00,long,sell - take_profit,96830.0,99734.90000000001,1047.17,2.95,4.7
2025-01-06 10:00:00+00:00,long,buy,98968.4,0.0,1046.65,-0.05,4.65
2025-01-06 15:45:00+00:00,long,sell - take_profit,98968.4,101937.45199999999,1077.52,2.95,7.6
2025-01-06 19:00:00+00:00,long,buy,101701.7,0.0,1076.98,-0.05,7.55
2025-01-07 11:39:00+00:00,long,sell - stop_loss,101701.7,100684.68299999999,1065.67,-1.05,6.5
2025-01-07 12:00:00+00:00,long,buy,100787.0,0.0,1065.14,-0.05,6.45
2025-01-07 14:59:00+00:00,long,sell - stop_loss,100787.0,99779.13,1053.96,-1.05,5.4
2025-01-07 15:00:00+00:00,long,buy,99945.3,0.0,1053.43,-0.05,5.35
2025-01-07 15:07:00+00:00,long,sell - stop_loss,99945.3,98945.84700000001,1042.37,-1.05,4.3
2025-01-07 16:00:00+00:00,long,buy,97915.4,0.0,1041.85,-0.05,4.25
2025-01-07 17:38:00+00:00,long,sell - stop_loss,97915.4,96936.246,1030.91,-1.05,3.2
2025-01-07 18:00:00+00:00,long,buy,97250.8,0.0,1030.39,-0.05,3.15
2025-01-07 20:03:00+00:00,long,sell - stop_loss,97250.8,96278.292,1019.57,-1.05,2.1
2025-01-07 21:00:00+00:00,long,buy,96504.7,0.0,1019.06,-0.05,2.05
2025-01-08 06:50:00+00:00,long,sell - stop_loss,96504.7,95539.65299999999,1008.36,-1.05,1.0
2025-01-08 07:00:00+00:00,long,buy,95267.8,0.0,1007.86,-0.05,0.95
2025-01-08 17:03:00+00:00,long,sell - stop_loss,95267.8,94315.122,997.28,-1.05,-0.1
2025-01-08 19:00:00+00:00,long,buy,94206.1,0.0,996.78,-0.05,-0.15
2025-01-09 07:36:00+00:00,long,sell - stop_loss,94206.1,93264.039,986.31,-1.05,-1.2
2025-01-09 08:00:00+00:00,long,buy,93176.5,0.0,985.82,-0.05,-1.25
2025-01-09 13:37:00+00:00,long,sell - stop_loss,93176.5,92244.735,975.47,-1.05,-2.3
2025-01-09 14:00:00+00:00,long,buy,91926.8,0.0,974.98,-0.05,-2.35
2025-01-10 07:42:00+00:00,long,sell - take_profit,91926.8,94684.604,1003.74,2.95,0.6
2025-01-10 08:00:00+00:00,long,buy,94457.0,0.0,1003.24,-0.05,0.55
2025-01-10 13:30:00+00:00,long,sell - stop_loss,94457.0,93512.43,992.71,-1.05,-0.5
2025-01-10 14:00:00+00:00,long,buy,93522.1,0.0,992.21,-0.05,-0.55
2025-01-10 15:11:00+00:00,long,sell - stop_loss,93522.1,92586.879,981.79,-1.05,-1.6
2025-01-10 16:00:00+00:00,long,buy,93704.0,0.0,981.3,-0.05,-1.65
2025-01-13 09:25:00+00:00,long,sell - stop_loss,93704.0,92766.96,971.0,-1.05,-2.7
2025-01-13 10:00:00+00:00,long,buy,92802.6,0.0,970.51,-0.05,-2.75
2025-01-13 10:28:00+00:00,long,sell - stop_loss,92802.6,91874.57400000001,960.32,-1.05,-3.8
2025-01-13 11:00:00+00:00,long,buy,91607.3,0.0,959.84,-0.05,-3.85
2025-01-13 12:01:00+00:00,long,sell - stop_loss,91607.3,90691.227,949.76,-1.05,-4.9
2025-01-13 13:00:00+00:00,long,buy,90713.9,0.0,949.29,-0.05,-4.95
2025-01-13 14:34:00+00:00,long,sell - stop_loss,90713.9,89806.761,939.32,-1.05,-6.0
2025-01-13 15:00:00+00:00,long,buy,91799.9,0.0,938.85,-0.05,-6.05
2025-01-13 22:12:00+00:00,long,sell - take_profit,91799.9,94553.897,966.55,2.95,-3.1
2025-01-13 23:00:00+00:00,long,buy,94360.1,0.0,966.06,-0.05,-3.15
2025-01-14 09:49:00+00:00,long,sell - take_profit,94360.1,97190.903,994.56,2.95,-0.2
2025-01-14 16:00:00+00:00,long,buy,96416.8,0.0,994.07,-0.05,-0.25
2025-01-14 16:44:00+00:00,long,sell - stop_loss,96416.8,95452.632,983.63,-1.05,-1.3
2025-01-14 17:00:00+00:00,long,buy,95703.8,0.0,983.14,-0.05,-1.35
2025-01-15 13:34:00+00:00,long,sell - take_profit,95703.8,98574.914,1012.14,2.95,1.6
2025-01-15 14:00:00+00:00,long,buy,98916.1,0.0,1011.63,-0.05,1.55
2025-01-16 14:45:00+00:00,long,sell - stop_loss,98916.1,97926.939,1001.01,-1.05,0.5
2025-01-16 15:00:00+00:00,long,buy,97586.7,0.0,1000.51,-0.05,0.45
2025-01-16 20:03:00+00:00,long,sell - take_profit,97586.7,100514.301,1030.03,2.95,3.4
2025-01-17 00:00:00+00:00,long,buy,99937.4,0.0,1029.51,-0.05,3.35
2025-01-17 13:05:00+00:00,long,sell - take_profit,99937.4,102935.522,1059.88,2.95,6.3
2025-01-17 15:00:00+00:00,long,buy,103321.9,0.0,1059.35,-0.05,6.25
2025-01-18 08:08:00+00:00,long,sell - stop_loss,103321.9,102288.681,1048.23,-1.05,5.2
2025-01-18 09:00:00+00:00,long,buy,103242.0,0.0,1047.7,-0.05,5.15
2025-01-19 20:04:00+00:00,long,sell - take_profit,103242.0,106339.26000000001,1078.61,2.95,8.1
2025-01-19 21:00:00+00:00,long,buy,106291.3,0.0,1078.07,-0.05,8.05
2025-01-19 21:25:00+00:00,long,sell - stop_loss,106291.3,105228.387,1066.75,-1.05,7.0
2025-01-19 23:00:00+00:00,long,buy,103396.8,0.0,1066.22,-0.05,6.95
2025-01-19 23:01:00+00:00,long,sell - stop_loss,103396.8,102362.832,1055.02,-1.05,5.9
2025-01-20 00:00:00+00:00,long,buy,101311.5,0.0,1054.5,-0.05,5.85
2025-01-20 00:38:00+00:00,long,sell - stop_loss,101311.5,100298.385,1043.42,-1.05,4.8
2025-01-20 01:00:00+00:00,long,buy,99769.5,0.0,1042.9,-0.05,4.75
2025-01-20 04:48:00+00:00,long,sell - take_profit,99769.5,102762.585,1073.67,2.95,7.7
2025-01-20 05:00:00+00:00,long,buy,102195.3,0.0,1073.13,-0.05,7.65
2025-01-20 06:45:00+00:00,long,sell - take_profit,102195.3,105261.159,1104.79,2.95,10.6
2025-01-20 07:00:00+00:00,long,buy,107551.3,0.0,1104.24,-0.05,10.55
2025-01-20 12:17:00+00:00,long,sell - stop_loss,107551.3,106475.787,1092.64,-1.05,9.5
2025-01-20 15:00:00+00:00,long,buy,107918.4,0.0,1092.09,-0.05,9.45
2025-01-20 15:17:00+00:00,long,sell - stop_loss,107918.4,106839.216,1080.63,-1.05,8.4
2025-01-20 16:00:00+00:00,long,buy,105001.3,0.0,1080.09,-0.05,8.35
2025-01-20 16:13:00+00:00,long,sell - stop_loss,105001.3,103951.287,1068.75,-1.05,7.3
2025-01-20 17:00:00+00:00,long,buy,106685.1,0.0,1068.21,-0.05,7.25
2025-01-20 17:04:00+00:00,long,sell - stop_loss,106685.1,105618.24900000001,1057.0,-1.05,6.2
2025-01-20 18:00:00+00:00,long,buy,102943.5,0.0,1056.47,-0.05,6.15
2025-01-20 22:04:00+00:00,long,sell - stop_loss,102943.5,101914.065,1045.37,-1.05,5.1
2025-01-21 00:00:00+00:00,long,buy,102247.7,0.0,1044.85,-0.05,5.05
2025-01-21 00:59:00+00:00,long,sell - stop_loss,102247.7,101225.223,1033.88,-1.05,4.0
2025-01-21 01:00:00+00:00,long,buy,101188.1,0.0,1033.36,-0.05,3.95
2025-01-21 01:30:00+00:00,long,sell - stop_loss,101188.1,100176.21900000001,1022.51,-1.05,2.9
2025-01-21 02:00:00+00:00,long,buy,101496.8,0.0,1022.0,-0.05,2.85
2025-01-21 12:18:00+00:00,long,sell - take_profit,101496.8,104541.70400000001,1052.15,2.95,5.8
2025-01-21 14:00:00+00:00,long,buy,104428.3,0.0,1051.63,-0.05,5.75
2025-01-21 14:37:00+00:00,long,sell - stop_loss,104428.3,103384.017,1040.58,-1.05,4.7
2025-01-21 15:00:00+00:00,long,buy,103264.7,0.0,1040.06,-0.05,4.65
2025-01-21 16:15:00+00:00,long,sell - take_profit,103264.7,106362.641,1070.74,2.95,7.6
2025-01-22 01:00:00+00:00,long,buy,105923.7,0.0,1070.21,-0.05,7.55
2025-01-22 08:21:00+00:00,long,sell - stop_loss,105923.7,104864.463,1058.97,-1.05,6.5
2025-01-22 13:00:00+00:00,long,buy,105232.9,0.0,1058.44,-0.05,6.45
2025-01-22 13:51:00+00:00,long,sell - stop_loss,105232.9,104180.571,1047.33,-1.05,5.4
2025-01-22 14:00:00+00:00,long,buy,104052.9,0.0,1046.81,-0.05,5.35
2025-01-23 00:51:00+00:00,long,sell - stop_loss,104052.9,103012.371,1035.81,-1.05,4.3
2025-01-23 01:00:00+00:00,long,buy,103274.8,0.0,1035.3,-0.05,4.25
2025-01-23 02:16:00+00:00,long,sell - stop_loss,103274.8,102242.052,1024.43,-1.05,3.2
2025-01-23 03:00:00+00:00,long,buy,102625.3,0.0,1023.91,-0.05,3.15
2025-01-23 04:39:00+00:00,long,sell - stop_loss,102625.3,101599.047,1013.16,-1.05,2.1
2025-01-23 05:00:00+00:00,long,buy,102026.1,0.0,1012.66,-0.05,2.05
2025-01-23 14:45:00+00:00,long,sell - take_profit,102026.1,105086.883,1042.53,2.95,5.0
2025-01-23 16:00:00+00:00,long,buy,105235.2,0.0,1042.01,-0.05,4.95
2025-01-23 17:02:00+00:00,long,sell - stop_loss,105235.2,104182.848,1031.07,-1.05,3.9
2025-01-23 19:00:00+00:00,long,buy,105375.8,0.0,1030.55,-0.05,3.85
2025-01-23 19:49:00+00:00,long,sell - stop_loss,105375.8,104322.042,1019.73,-1.05,2.8
2025-01-23 20:00:00+00:00,long,buy,103713.7,0.0,1019.22,-0.05,2.75
2025-01-23 20:56:00+00:00,long,sell - stop_loss,103713.7,102676.563,1008.52,-1.05,1.7
2025-01-23 21:00:00+00:00,long,buy,103218.8,0.0,1008.01,-0.05,1.65
2025-01-23 21:19:00+00:00,long,sell - stop_loss,103218.8,102186.61200000001,997.43,-1.05,0.6
2025-01-23 22:00:00+00:00,long,buy,103025.1,0.0,996.93,-0.05,0.55
2025-01-24 14:44:00+00:00,long,sell - take_profit,103025.1,106115.853,1026.34,2.95,3.5
2025-01-24 18:00:00+00:00,long,buy,106414.1,0.0,1025.83,-0.05,3.45
2025-01-24 20:21:00+00:00,long,sell - stop_loss,106414.1,105349.959,1015.06,-1.05,2.4
2025-01-25 05:00:00+00:00,long,buy,104609.3,0.0,1014.55,-0.05,2.35
2025-01-26 23:07:00+00:00,long,sell - stop_loss,104609.3,103563.207,1003.9,-1.05,1.3
2025-01-27 00:00:00+00:00,long,buy,102560.0,0.0,1003.39,-0.05,1.25
2025-01-27 00:58:00+00:00,long,sell - stop_loss,102560.0,101534.4,992.86,-1.05,0.2
2025-01-27 01:00:00+00:00,long,buy,101670.7,0.0,992.36,-0.05,0.15
2025-01-27 03:01:00+00:00,long,sell - stop_loss,101670.7,100653.993,981.94,-1.05,-0.9
2025-01-27 04:00:00+00:00,long,buy,101349.1,0.0,981.45,-0.05,-0.95
2025-01-27 04:50:00+00:00,long,sell - stop_loss,101349.1,100335.60900000001,971.15,-1.05,-2.0
2025-01-27 05:00:00+00:00,long,buy,100363.5,0.0,970.66,-0.05,-2.05
2025-01-27 06:37:00+00:00,long,sell - stop_loss,100363.5,99359.865,960.47,-1.05,-3.1
2025-01-27 07:00:00+00:00,long,buy,98918.0,0.0,959.99,-0.05,-3.15
2025-01-27 07:29:00+00:00,long,sell - stop_loss,98918.0,97928.81999999999,949.91,-1.05,-4.2
2025-01-27 08:00:00+00:00,long,buy,98996.3,0.0,949.43,-0.05,-4.25
2025-01-27 14:54:00+00:00,long,sell - take_profit,98996.3,101966.189,977.44,2.95,-1.3
2025-01-27 16:00:00+00:00,long,buy,101070.8,0.0,976.95,-0.05,-1.35
2025-01-27 16:36:00+00:00,long,sell - stop_loss,101070.8,100060.092,966.7,-1.05,-2.4
2025-01-27 17:00:00+00:00,long,buy,99708.0,0.0,966.21,-0.05,-2.45
2025-01-28 00:06:00+00:00,long,sell - take_profit,99708.0,102699.24,994.72,2.95,0.5
2025-01-28 01:00:00+00:00,long,buy,101812.5,0.0,994.22,-0.05,0.45
2025-01-28 21:44:00+00:00,long,sell - stop_loss,101812.5,100794.375,983.78,-1.05,-0.6
2025-01-28 22:00:00+00:00,long,buy,100298.7,0.0,983.29,-0.05,-0.65
2025-01-29 19:40:00+00:00,long,sell - take_profit,100298.7,103307.661,1012.29,2.95,2.3
2025-01-29 20:00:00+00:00,long,buy,103550.6,0.0,1011.79,-0.05,2.25
2025-01-31 19:00:00+00:00,long,sell - stop_loss,103550.6,102515.09400000001,1001.16,-1.05,1.2
2025-01-31 20:00:00+00:00,long,buy,102275.7,0.0,1000.66,-0.05,1.15
2025-02-01 20:06:00+00:00,long,sell - stop_loss,102275.7,101252.943,990.16,-1.05,0.1
2025-02-01 21:00:00+00:00,long,buy,101295.4,0.0,989.66,-0.05,0.05
2025-02-01 23:17:00+00:00,long,sell - stop_loss,101295.4,100282.446,979.27,-1.05,-1.0
2025-02-02 00:00:00+00:00,long,buy,100603.6,0.0,978.78,-0.05,-1.05
2025-02-02 03:23:00+00:00,long,sell - stop_loss,100603.6,99597.564,968.5,-1.05,-2.1
2025-02-02 04:00:00+00:00,long,buy,99160.8,0.0,968.02,-0.05,-2.15
2025-02-02 12:56:00+00:00,long,sell - stop_loss,99160.8,98169.192,957.85,-1.05,-3.2
2025-02-02 13:00:00+00:00,long,buy,98124.5,0.0,957.38,-0.05,-3.25
2025-02-02 17:50:00+00:00,long,sell - stop_loss,98124.5,97143.255,947.32,-1.05,-4.3
2025-02-02 18:00:00+00:00,long,buy,97204.0,0.0,946.85,-0.05,-4.35
2025-02-02 22:40:00+00:00,long,sell - stop_loss,97204.0,96231.96,936.91,-1.05,-5.4
2025-02-03 01:00:00+00:00,long,buy,96464.5,0.0,936.44,-0.05,-5.45
2025-02-03 01:15:00+00:00,long,sell - stop_loss,96464.5,95499.855,926.61,-1.05,-6.5
2025-02-03 02:00:00+00:00,long,buy,93408.4,0.0,926.14,-0.05,-6.55
2025-02-03 02:06:00+00:00,long,sell - stop_loss,93408.4,92474.31599999999,916.42,-1.05,-7.6
2025-02-03 03:00:00+00:00,long,buy,93539.2,0.0,915.96,-0.05,-7.65
2025-02-03 04:59:00+00:00,long,sell - stop_loss,93539.2,92603.80799999999,906.34,-1.05,-8.7
2025-02-03 05:00:00+00:00,long,buy,92765.2,0.0,905.89,-0.05,-8.75
2025-02-03 08:33:00+00:00,long,sell - take_profit,92765.2,95548.156,932.61,2.95,-5.8
2025-02-03 09:00:00+00:00,long,buy,95281.6,0.0,932.15,-0.05,-5.85
2025-02-03 14:02:00+00:00,long,sell - stop_loss,95281.6,94328.784,922.36,-1.05,-6.9
2025-02-03 18:00:00+00:00,long,buy,99150.0,0.0,921.9,-0.05,-6.95
2025-02-03 22:07:00+00:00,long,sell - take_profit,99150.0,102124.5,949.09,2.95,-4.0
2025-02-04 00:00:00+00:00,long,buy,101293.6,0.0,948.62,-0.05,-4.05
2025-02-04 04:10:00+00:00,long,sell - stop_loss,101293.6,100280.664,938.66,-1.05,-5.1
2025-02-04 05:00:00+00:00,long,buy,100008.6,0.0,938.19,-0.05,-5.15
2025-02-04 05:16:00+00:00,long,sell - stop_loss,100008.6,99008.51400000001,928.34,-1.05,-6.2
2025-02-04 07:00:00+00:00,long,buy,99319.0,0.0,927.87,-0.05,-6.25
2025-02-04 07:53:00+00:00,long,sell - stop_loss,99319.0,98325.81,918.13,-1.05,-7.3
2025-02-04 08:00:00+00:00,long,buy,98405.1,0.0,917.67,-0.05,-7.35
2025-02-04 21:25:00+00:00,long,sell - stop_loss,98405.1,97421.049,908.04,-1.05,-8.4
2025-02-04 22:00:00+00:00,long,buy,96456.5,0.0,907.58,-0.05,-8.45
2025-02-07 14:07:00+00:00,long,sell - take_profit,96456.5,99350.195,934.36,2.95,-5.5
2025-02-07 17:00:00+00:00,long,buy,97789.2,0.0,933.89,-0.05,-5.55
2025-02-07 20:00:00+00:00,long,sell - stop_loss,97789.2,96811.30799999999,924.08,-1.05,-6.6
2025-02-07 21:00:00+00:00,long,buy,95717.6,0.0,923.62,-0.05,-6.65
2025-02-09 21:49:00+00:00,long,sell - stop_loss,95717.6,94760.424,913.92,-1.05,-7.7
2025-02-09 22:00:00+00:00,long,buy,95121.0,0.0,913.47,-0.05,-7.75
2025-02-10 13:55:00+00:00,long,sell - take_profit,95121.0,97974.63,940.41,2.95,-4.8
2025-02-10 14:00:00+00:00,long,buy,98175.3,0.0,939.94,-0.05,-4.85
2025-02-10 14:42:00+00:00,long,sell - stop_loss,98175.3,97193.547,930.07,-1.05,-5.9
2025-02-10 15:00:00+00:00,long,buy,97233.8,0.0,929.61,-0.05,-5.95
2025-02-11 16:55:00+00:00,long,sell - stop_loss,97233.8,96261.462,919.85,-1.05,-7.0
2025-02-11 18:00:00+00:00,long,buy,96120.1,0.0,919.39,-0.05,-7.05
2025-02-11 19:16:00+00:00,long,sell - stop_loss,96120.1,95158.899,909.74,-1.05,-8.1
2025-02-11 20:00:00+00:00,long,buy,94988.0,0.0,909.28,-0.05,-8.15
2025-02-12 13:41:00+00:00,long,sell - stop_loss,94988.0,94038.12,899.73,-1.05,-9.2
2025-02-12 15:00:00+00:00,long,buy,95582.9,0.0,899.28,-0.05,-9.25
2025-02-14 17:51:00+00:00,long,sell - take_profit,95582.9,98450.387,925.81,2.95,-6.3
2025-02-14 20:00:00+00:00,long,buy,97898.4,0.0,925.35,-0.05,-6.35
2025-02-14 21:08:00+00:00,long,sell - stop_loss,97898.4,96919.416,915.63,-1.05,-7.4
2025-02-14 22:00:00+00:00,long,buy,97405.0,0.0,915.18,-0.05,-7.45
2025-02-16 23:00:00+00:00,long,sell - stop_loss,97405.0,96430.95,905.57,-1.05,-8.5
2025-02-17 00:00:00+00:00,long,buy,96067.0,0.0,905.11,-0.05,-8.55
2025-02-18 08:48:00+00:00,long,sell - stop_loss,96067.0,95106.33,895.61,-1.05,-9.6
2025-02-18 09:00:00+00:00,long,buy,95193.5,0.0,895.16,-0.05,-9.65
2025-02-18 17:35:00+00:00,long,sell - stop_loss,95193.5,94241.565,885.76,-1.05,-10.7
2025-02-18 18:00:00+00:00,long,buy,94074.6,0.0,885.32,-0.05,-10.75
2025-02-20 01:03:00+00:00,long,sell - take_profit,94074.6,96896.838,911.44,2.95,-7.8
2025-02-20 07:00:00+00:00,long,buy,96867.9,0.0,910.98,-0.05,-7.85
2025-02-21 19:26:00+00:00,long,sell - stop_loss,96867.9,95899.22099999999,901.42,-1.05,-8.9
2025-02-21 20:00:00+00:00,long,buy,95247.4,0.0,900.96,-0.05,-8.95
2025-02-24 15:05:00+00:00,long,sell - stop_loss,95247.4,94294.92599999999,891.5,-1.05,-10.0
2025-02-24 18:00:00+00:00,long,buy,94616.0,0.0,891.06,-0.05,-10.05
2025-02-24 19:44:00+00:00,long,sell - stop_loss,94616.0,93669.84,881.7,-1.05,-11.1
2025-02-24 20:00:00+00:00,long,buy,93917.4,0.0,881.26,-0.05,-11.15
2025-02-24 22:17:00+00:00,long,sell - stop_loss,93917.4,92978.226,872.01,-1.05,-12.2
2025-02-24 23:00:00+00:00,long,buy,92380.1,0.0,871.57,-0.05,-12.25
2025-02-24 23:52:00+00:00,long,sell - stop_loss,92380.1,91456.299,862.42,-1.05,-13.3
2025-02-25 00:00:00+00:00,long,buy,91514.5,0.0,861.99,-0.05,-13.35
2025-02-25 07:10:00+00:00,long,sell - stop_loss,91514.5,90599.355,852.94,-1.05,-14.4
2025-02-25 08:00:00+00:00,long,buy,89262.8,0.0,852.51,-0.05,-14.45
2025-02-25 09:56:00+00:00,long,sell - stop_loss,89262.8,88370.172,843.56,-1.05,-15.5
2025-02-25 10:00:00+00:00,long,buy,88267.5,0.0,843.14,-0.05,-15.55
2025-02-25 10:21:00+00:00,long,sell - stop_loss,88267.5,87384.825,834.29,-1.05,-16.6
2025-02-25 11:00:00+00:00,long,buy,88164.5,0.0,833.87,-0.05,-16.65
2025-02-25 14:50:00+00:00,long,sell - stop_loss,88164.5,87282.855,825.11,-1.05,-17.7
2025-02-25 15:00:00+00:00,long,buy,87132.0,0.0,824.7,-0.05,-17.75
2025-02-25 15:21:00+00:00,long,sell - stop_loss,87132.0,86260.68,816.04,-1.05,-18.8
2025-02-25 16:00:00+00:00,long,buy,87206.8,0.0,815.63,-0.05,-18.85
2025-02-25 16:26:00+00:00,long,sell - stop_loss,87206.8,86334.732,807.07,-1.05,-19.9
2025-02-25 17:00:00+00:00,long,buy,87429.1,0.0,806.67,-0.05,-19.95
2025-02-25 19:15:00+00:00,long,sell - stop_loss,87429.1,86554.80900000001,798.2,-1.05,-21.0
2025-02-25 20:00:00+00:00,long,buy,87914.2,0.0,797.8,-0.05,-21.05
2025-02-26 13:58:00+00:00,long,sell - stop_loss,87914.2,87035.05799999999,789.42,-1.05,-22.1
2025-02-26 14:00:00+00:00,long,buy,87150.0,0.0,789.03,-0.05,-22.15
2025-02-26 14:06:00+00:00,long,sell - stop_loss,87150.0,86278.5,780.74,-1.05,-23.2
2025-02-26 15:00:00+00:00,long,buy,87589.1,0.0,780.35,-0.05,-23.25
2025-02-26 16:12:00+00:00,long,sell - stop_loss,87589.1,86713.209,772.16,-1.05,-24.3
2025-02-26 17:00:00+00:00,long,buy,86783.9,0.0,771.77,-0.05,-24.35
2025-02-26 17:53:00+00:00,long,sell - stop_loss,86783.9,85916.06099999999,763.67,-1.05,-25.4
2025-02-26 18:00:00+00:00,long,buy,86010.0,0.0,763.28,-0.05,-25.45
2025-02-26 18:29:00+00:00,long,sell - stop_loss,86010.0,85149.9,755.27,-1.05,-26.5
2025-02-26 19:00:00+00:00,long,buy,84202.8,0.0,754.89,-0.05,-26.55
2025-02-26 20:13:00+00:00,long,sell - stop_loss,84202.8,83360.772,746.97,-1.05,-27.6
2025-02-26 21:00:00+00:00,long,buy,84344.2,0.0,746.59,-0.05,-27.65
2025-02-26 21:45:00+00:00,long,sell - stop_loss,84344.2,83500.758,738.75,-1.05,-28.7
2025-02-26 22:00:00+00:00,long,buy,84585.6,0.0,738.38,-0.05,-28.75
2025-02-27 19:32:00+00:00,long,sell - stop_loss,84585.6,83739.744,730.63,-1.05,-29.8
2025-02-27 20:00:00+00:00,long,buy,84084.0,0.0,730.27,-0.05,-29.85
2025-02-27 20:11:00+00:00,long,sell - stop_loss,84084.0,83243.16,722.6,-1.05,-30.9
2025-02-27 21:00:00+00:00,long,buy,83489.2,0.0,722.24,-0.05,-30.95
2025-02-28 01:30:00+00:00,long,sell - stop_loss,83489.2,82654.30799999999,714.65,-1.05,-32.0
2025-02-28 02:00:00+00:00,long,buy,81606.0,0.0,714.3,-0.05,-32.05
2025-02-28 02:32:00+00:00,long,sell - stop_loss,81606.0,80789.94,706.8,-1.05,-33.1
2025-02-28 03:00:00+00:00,long,buy,80772.0,0.0,706.44,-0.05,-33.15
2025-02-28 04:02:00+00:00,long,sell - stop_loss,80772.0,79964.28,699.02,-1.05,-34.2
2025-02-28 05:00:00+00:00,long,buy,80371.7,0.0,698.68,-0.05,-34.25
2025-02-28 05:31:00+00:00,long,sell - stop_loss,80371.7,79567.983,691.34,-1.05,-35.3
2025-02-28 06:00:00+00:00,long,buy,79938.3,0.0,690.99,-0.05,-35.35
2025-02-28 06:46:00+00:00,long,sell - stop_loss,79938.3,79138.917,683.74,-1.05,-36.4
2025-02-28 07:00:00+00:00,long,buy,79319.9,0.0,683.4,-0.05,-36.45
2025-02-28 08:16:00+00:00,long,sell - stop_loss,79319.9,78526.70099999999,676.22,-1.05,-37.5
2025-02-28 09:00:00+00:00,long,buy,78955.8,0.0,675.88,-0.05,-37.55
2025-02-28 13:10:00+00:00,long,sell - take_profit,78955.8,81324.474,695.82,2.95,-34.6
2025-02-28 14:00:00+00:00,long,buy,81462.2,0.0,695.47,-0.05,-34.65
2025-02-28 15:24:00+00:00,long,sell - take_profit,81462.2,83906.066,715.99,2.95,-31.7
2025-02-28 19:00:00+00:00,long,buy,84391.3,0.0,715.63,-0.05,-31.75
2025-03-02 15:28:00+00:00,long,sell - take_profit,84391.3,86923.039,736.74,2.95,-28.8
2025-03-03 01:00:00+00:00,long,buy,93270.8,0.0,736.37,-0.05,-28.85
2025-03-03 06:40:00+00:00,long,sell - stop_loss,93270.8,92338.092,728.64,-1.05,-29.9
2025-03-03 14:00:00+00:00,long,buy,93530.0,0.0,728.28,-0.05,-29.95
2025-03-03 14:35:00+00:00,long,sell - stop_loss,93530.0,92594.7,720.63,-1.05,-31.0
2025-03-03 15:00:00+00:00,long,buy,89239.9,0.0,720.27,-0.05,-31.05
2025-03-03 18:26:00+00:00,long,sell - stop_loss,89239.9,88347.50099999999,712.71,-1.05,-32.1
2025-03-03 19:00:00+00:00,long,buy,87100.0,0.0,712.35,-0.05,-32.15
2025-03-03 19:52:00+00:00,long,sell - stop_loss,87100.0,86229.0,704.87,-1.05,-33.2
2025-03-03 20:00:00+00:00,long,buy,85552.0,0.0,704.52,-0.05,-33.25
2025-03-04 01:38:00+00:00,long,sell - stop_loss,85552.0,84696.48,697.12,-1.05,-34.3
2025-03-04 02:00:00+00:00,long,buy,83354.2,0.0,696.77,-0.05,-34.35
2025-03-04 02:06:00+00:00,long,sell - stop_loss,83354.2,82520.658,689.46,-1.05,-35.4
2025-03-04 03:00:00+00:00,long,buy,83878.9,0.0,689.11,-0.05,-35.45
2025-03-04 08:09:00+00:00,long,sell - stop_loss,83878.9,83040.11099999999,681.88,-1.05,-36.5
2025-03-04 09:00:00+00:00,long,buy,83859.7,0.0,681.54,-0.05,-36.55
2025-03-04 13:20:00+00:00,long,sell - stop_loss,83859.7,83021.103,674.38,-1.05,-37.6
2025-03-04 14:00:00+00:00,long,buy,82782.5,0.0,674.04,-0.05,-37.65
2025-03-04 15:20:00+00:00,long,sell - stop_loss,82782.5,81954.675,666.97,-1.05,-38.7
2025-03-04 16:00:00+00:00,long,buy,82945.0,0.0,666.63,-0.05,-38.75
2025-03-04 16:29:00+00:00,long,sell - stop_loss,82945.0,82115.55,659.63,-1.05,-39.8
2025-03-04 22:00:00+00:00,long,buy,87494.9,0.0,659.3,-0.05,-39.85
2025-03-05 00:39:00+00:00,long,sell - stop_loss,87494.9,86619.95099999999,652.38,-1.05,-40.9
2025-03-05 01:00:00+00:00,long,buy,86767.1,0.0,652.05,-0.05,-40.95
2025-03-05 10:26:00+00:00,long,sell - take_profit,86767.1,89370.11300000001,671.29,2.95,-38.0
2025-03-05 11:00:00+00:00,long,buy,89880.4,0.0,670.95,-0.05,-38.05
2025-03-05 14:36:00+00:00,long,sell - stop_loss,89880.4,88981.59599999999,663.91,-1.05,-39.1
2025-03-05 15:00:00+00:00,long,buy,88477.3,0.0,663.58,-0.05,-39.15
2025-03-05 16:12:00+00:00,long,sell - stop_loss,88477.3,87592.527,656.61,-1.05,-40.2
2025-03-05 17:00:00+00:00,long,buy,88878.0,0.0,656.28,-0.05,-40.25
2025-03-06 01:47:00+00:00,long,sell - take_profit,88878.0,91544.34,675.64,2.95,-37.3
2025-03-06 07:00:00+00:00,long,buy,91877.0,0.0,675.3,-0.05,-37.35
2025-03-06 09:05:00+00:00,long,sell - stop_loss,91877.0,90958.23,668.21,-1.05,-38.4
2025-03-06 10:00:00+00:00,long,buy,90716.1,0.0,667.88,-0.05,-38.45
2025-03-06 12:49:00+00:00,long,sell - stop_loss,90716.1,89808.939,660.87,-1.05,-39.5
2025-03-06 13:00:00+00:00,long,buy,90062.7,0.0,660.54,-0.05,-39.55
2025-03-06 14:33:00+00:00,long,sell - stop_loss,90062.7,89162.07299999999,653.6,-1.05,-40.6
2025-03-06 16:00:00+00:00,long,buy,90777.9,0.0,653.27,-0.05,-40.65
2025-03-06 16:53:00+00:00,long,sell - stop_loss,90777.9,89870.121,646.41,-1.05,-41.7
2025-03-06 17:00:00+00:00,long,buy,89279.9,0.0,646.09,-0.05,-41.75
2025-03-06 17:18:00+00:00,long,sell - stop_loss,89279.9,88387.101,639.31,-1.05,-42.8
2025-03-06 18:00:00+00:00,long,buy,88584.9,0.0,638.99,-0.05,-42.85
2025-03-07 00:13:00+00:00,long,sell - take_profit,88584.9,91242.447,657.84,2.95,-39.9
2025-03-07 01:00:00+00:00,long,buy,85477.8,0.0,657.51,-0.05,-39.95
2025-03-07 01:41:00+00:00,long,sell - take_profit,85477.8,88042.134,676.9,2.95,-37.0
2025-03-07 02:00:00+00:00,long,buy,88209.9,0.0,676.57,-0.05,-37.05
2025-03-07 02:22:00+00:00,long,sell - stop_loss,88209.9,87327.80099999999,669.46,-1.05,-38.1
2025-03-07 03:00:00+00:00,long,buy,87206.8,0.0,669.13,-0.05,-38.15
2025-03-07 13:30:00+00:00,long,sell - take_profit,87206.8,89823.004,688.87,2.95,-35.2
2025-03-07 14:00:00+00:00,long,buy,89104.8,0.0,688.52,-0.05,-35.25
2025-03-07 15:35:00+00:00,long,sell - stop_loss,89104.8,88213.75200000001,681.29,-1.05,-36.3
2025-03-07 16:00:00+00:00,long,buy,88425.0,0.0,680.95,-0.05,-36.35
2025-03-07 16:25:00+00:00,long,sell - stop_loss,88425.0,87540.75,673.8,-1.05,-37.4
2025-03-07 17:00:00+00:00,long,buy,87220.1,0.0,673.46,-0.05,-37.45
2025-03-07 21:05:00+00:00,long,sell - stop_loss,87220.1,86347.899,666.39,-1.05,-38.5
2025-03-07 22:00:00+00:00,long,buy,86260.0,0.0,666.06,-0.05,-38.55
2025-03-08 01:33:00+00:00,long,sell - stop_loss,86260.0,85397.4,659.07,-1.05,-39.6
2025-03-08 02:00:00+00:00,long,buy,86066.8,0.0,658.74,-0.05,-39.65
2025-03-09 10:27:00+00:00,long,sell - stop_loss,86066.8,85206.132,651.82,-1.05,-40.7
2025-03-09 11:00:00+00:00,long,buy,84816.8,0.0,651.49,-0.05,-40.75
2025-03-09 13:50:00+00:00,long,sell - stop_loss,84816.8,83968.632,644.65,-1.05,-41.8
2025-03-09 14:00:00+00:00,long,buy,83427.8,0.0,644.33,-0.05,-41.85
2025-03-09 16:08:00+00:00,long,sell - stop_loss,83427.8,82593.522,637.57,-1.05,-42.9
2025-03-09 17:00:00+00:00,long,buy,82451.6,0.0,637.25,-0.05,-42.95
2025-03-09 21:51:00+00:00,long,sell - stop_loss,82451.6,81627.084,630.56,-1.05,-44.0
2025-03-09 22:00:00+00:00,long,buy,81820.6,0.0,630.24,-0.05,-44.05
2025-03-09 22:30:00+00:00,long,sell - stop_loss,81820.6,81002.394,623.62,-1.05,-45.1
2025-03-09 23:00:00+00:00,long,buy,80319.1,0.0,623.31,-0.05,-45.15
2025-03-10 05:02:00+00:00,long,sell - take_profit,80319.1,82728.67300000001,641.7,2.95,-42.2
2025-03-10 06:00:00+00:00,long,buy,82277.6,0.0,641.38,-0.05,-42.25
2025-03-10 08:38:00+00:00,long,sell - stop_loss,82277.6,81454.82400000001,634.64,-1.05,-43.3
2025-03-10 09:00:00+00:00,long,buy,81309.8,0.0,634.33,-0.05,-43.35
2025-03-10 09:24:00+00:00,long,sell - take_profit,81309.8,83749.09400000001,653.04,2.95,-40.4
2025-03-10 10:00:00+00:00,long,buy,82461.8,0.0,652.71,-0.05,-40.45
2025-03-10 10:27:00+00:00,long,sell - stop_loss,82461.8,81637.182,645.86,-1.05,-41.5
2025-03-10 12:00:00+00:00,long,buy,83540.3,0.0,645.54,-0.05,-41.55
2025-03-10 12:29:00+00:00,long,sell - stop_loss,83540.3,82704.897,638.76,-1.05,-42.6
2025-03-10 13:00:00+00:00,long,buy,83208.0,0.0,638.44,-0.05,-42.65
2025-03-10 13:32:00+00:00,long,sell - stop_loss,83208.0,82375.92,631.74,-1.05,-43.7
2025-03-10 14:00:00+00:00,long,buy,81505.0,0.0,631.42,-0.05,-43.75
2025-03-10 14:03:00+00:00,long,sell - stop_loss,81505.0,80689.95,624.79,-1.05,-44.8
2025-03-10 15:00:00+00:00,long,buy,79813.7,0.0,624.48,-0.05,-44.85
2025-03-10 16:52:00+00:00,long,sell - stop_loss,79813.7,79015.563,617.92,-1.05,-45.9
2025-03-10 17:00:00+00:00,long,buy,78981.4,0.0,617.61,-0.05,-45.95
2025-03-10 17:56:00+00:00,long,sell - stop_loss,78981.4,78191.586,611.13,-1.05,-47.0
2025-03-10 18:00:00+00:00,long,buy,78420.5,0.0,610.82,-0.05,-47.05
2025-03-10 18:57:00+00:00,long,sell - stop_loss,78420.5,77636.295,604.41,-1.05,-48.1
2025-03-10 19:00:00+00:00,long,buy,77620.6,0.0,604.1,-0.05,-48.15
2025-03-11 00:38:00+00:00,long,sell - stop_loss,77620.6,76844.394,597.76,-1.05,-49.2
2025-03-11 01:00:00+00:00,long,buy,77630.6,0.0,597.46,-0.05,-49.25
2025-03-11 01:06:00+00:00,long,sell - stop_loss,77630.6,76854.29400000001,591.19,-1.05,-50.3
2025-03-11 02:00:00+00:00,long,buy,79084.1,0.0,590.89,-0.05,-50.35
2025-03-11 08:50:00+00:00,long,sell - take_profit,79084.1,81456.623,608.33,2.95,-47.4
2025-03-11 09:00:00+00:00,long,buy,81083.7,0.0,608.02,-0.05,-47.45
2025-03-11 14:02:00+00:00,long,sell - stop_loss,81083.7,80272.863,601.64,-1.05,-48.5
2025-03-11 15:00:00+00:00,long,buy,79741.9,0.0,601.34,-0.05,-48.55
2025-03-11 18:11:00+00:00,long,sell - take_profit,79741.9,82134.15699999999,619.08,2.95,-45.6
2025-03-11 19:00:00+00:00,long,buy,83226.4,0.0,618.77,-0.05,-45.65
2025-03-12 02:35:00+00:00,long,sell - stop_loss,83226.4,82394.136,612.27,-1.05,-46.7
2025-03-12 03:00:00+00:00,long,buy,82392.6,0.0,611.96,-0.05,-46.75
2025-03-12 05:07:00+00:00,long,sell - stop_loss,82392.6,81568.674,605.54,-1.05,-47.8
2025-03-12 06:00:00+00:00,long,buy,81950.1,0.0,605.23,-0.05,-47.85
2025-03-12 12:30:00+00:00,long,sell - take_profit,81950.1,84408.603,623.09,2.95,-44.9
2025-03-12 13:00:00+00:00,long,buy,84021.4,0.0,622.78,-0.05,-44.95
2025-03-12 13:30:00+00:00,long,sell - stop_loss,84021.4,83181.18599999999,616.24,-1.05,-46.0
2025-03-12 14:00:00+00:00,long,buy,82649.9,0.0,615.93,-0.05,-46.05
2025-03-12 14:32:00+00:00,long,sell - stop_loss,82649.9,81823.401,609.46,-1.05,-47.1
2025-03-12 15:00:00+00:00,long,buy,81500.9,0.0,609.16,-0.05,-47.15
2025-03-12 15:07:00+00:00,long,sell - stop_loss,81500.9,80685.89099999999,602.76,-1.05,-48.2
2025-03-12 16:00:00+00:00,long,buy,81688.0,0.0,602.46,-0.05,-48.25
2025-03-13 01:52:00+00:00,long,sell - take_profit,81688.0,84138.64,620.23,2.95,-45.3
2025-03-13 02:00:00+00:00,long,buy,83880.7,0.0,619.92,-0.05,-45.35
2025-03-13 05:42:00+00:00,long,sell - stop_loss,83880.7,83041.893,613.41,-1.05,-46.4
2025-03-13 06:00:00+00:00,long,buy,83121.4,0.0,613.11,-0.05,-46.45
2025-03-13 12:56:00+00:00,long,sell - stop_loss,83121.4,82290.18599999999,606.67,-1.05,-47.5
2025-03-13 13:00:00+00:00,long,buy,82469.4,0.0,606.37,-0.05,-47.55
2025-03-13 13:57:00+00:00,long,sell - stop_loss,82469.4,81644.70599999999,600.0,-1.05,-48.6
2025-03-13 14:00:00+00:00,long,buy,81730.5,0.0,599.7,-0.05,-48.65
2025-03-13 16:06:00+00:00,long,sell - stop_loss,81730.5,80913.19499999999,593.4,-1.05,-49.7
2025-03-13 17:00:00+00:00,long,buy,80850.1,0.0,593.11,-0.05,-49.75
2025-03-13 17:45:00+00:00,long,sell - stop_loss,80850.1,80041.599,586.88,-1.05,-50.8
2025-03-13 18:00:00+00:00,long,buy,80034.6,0.0,586.58,-0.05,-50.85
2025-03-14 08:16:00+00:00,long,sell - take_profit,80034.6,82435.638,603.89,2.95,-47.9
2025-03-14 09:00:00+00:00,long,buy,82562.4,0.0,603.59,-0.05,-47.95
2025-03-14 15:33:00+00:00,long,sell - take_profit,82562.4,85039.272,621.39,2.95,-45.0
2025-03-14 16:00:00+00:00,long,buy,84692.1,0.0,621.08,-0.05,-45.05
2025-03-14 20:21:00+00:00,long,sell - stop_loss,84692.1,83845.179,614.56,-1.05,-46.1
2025-03-14 21:00:00+00:00,long,buy,84083.9,0.0,614.25,-0.05,-46.15
2025-03-16 11:06:00+00:00,long,sell - stop_loss,84083.9,83243.06099999999,607.8,-1.05,-47.2
2025-03-16 12:00:00+00:00,long,buy,82367.9,0.0,607.5,-0.05,-47.25
2025-03-16 16:08:00+00:00,long,sell - take_profit,82367.9,84838.93699999999,625.42,2.95,-44.3
2025-03-16 17:00:00+00:00,long,buy,83594.8,0.0,625.11,-0.05,-44.35
2025-03-16 19:16:00+00:00,long,sell - stop_loss,83594.8,82758.852,618.54,-1.05,-45.4
2025-03-16 20:00:00+00:00,long,buy,83064.3,0.0,618.24,-0.05,-45.45
2025-03-16 22:09:00+00:00,long,sell - stop_loss,83064.3,82233.657,611.74,-1.05,-46.5
2025-03-16 23:00:00+00:00,long,buy,82050.1,0.0,611.44,-0.05,-46.55
2025-03-17 18:48:00+00:00,long,sell - take_profit,82050.1,84511.603,629.48,2.95,-43.6
2025-03-17 19:00:00+00:00,long,buy,84462.0,0.0,629.16,-0.05,-43.65
2025-03-18 01:10:00+00:00,long,sell - stop_loss,84462.0,83617.38,622.55,-1.05,-44.7
2025-03-18 02:00:00+00:00,long,buy,83127.2,0.0,622.24,-0.05,-44.75
2025-03-18 06:44:00+00:00,long,sell - stop_loss,83127.2,82295.928,615.71,-1.05,-45.8
2025-03-18 07:00:00+00:00,long,buy,82407.1,0.0,615.4,-0.05,-45.85
2025-03-18 13:37:00+00:00,long,sell - stop_loss,82407.1,81583.02900000001,608.94,-1.05,-46.9
2025-03-18 14:00:00+00:00,long,buy,81330.3,0.0,608.64,-0.05,-46.95
2025-03-19 10:31:00+00:00,long,sell - take_profit,81330.3,83770.209,626.59,2.95,-44.0
2025-03-19 11:00:00+00:00,long,buy,83428.0,0.0,626.28,-0.05,-44.05
2025-03-19 22:36:00+00:00,long,sell - take_profit,83428.0,85930.84,644.75,2.95,-41.1
2025-03-19 23:00:00+00:00,long,buy,86110.0,0.0,644.43,-0.05,-41.15
2025-03-20 10:17:00+00:00,long,sell - stop_loss,86110.0,85248.9,637.66,-1.05,-42.2
2025-03-20 11:00:00+00:00,long,buy,85135.7,0.0,637.34,-0.05,-42.25
2025-03-20 16:25:00+00:00,long,sell - stop_loss,85135.7,84284.343,630.65,-1.05,-43.3
2025-03-20 17:00:00+00:00,long,buy,83769.5,0.0,630.34,-0.05,-43.35
2025-03-24 00:26:00+00:00,long,sell - take_profit,83769.5,86282.585,648.93,2.95,-40.4
2025-03-24 01:00:00+00:00,long,buy,85994.8,0.0,648.61,-0.05,-40.45
2025-03-24 14:18:00+00:00,long,sell - take_profit,85994.8,88574.644,667.74,2.95,-37.5
2025-03-24 15:00:00+00:00,long,buy,87921.0,0.0,667.41,-0.05,-37.55
2025-03-24 23:23:00+00:00,long,sell - stop_loss,87921.0,87041.79,660.4,-1.05,-38.6
2025-03-25 00:00:00+00:00,long,buy,87463.4,0.0,660.07,-0.05,-38.65
2025-03-25 03:21:00+00:00,long,sell - stop_loss,87463.4,86588.76599999999,653.14,-1.05,-39.7
2025-03-25 04:00:00+00:00,long,buy,86477.3,0.0,652.81,-0.05,-39.75
2025-03-28 06:59:00+00:00,long,sell - stop_loss,86477.3,85612.527,645.96,-1.05,-40.8
2025-03-28 07:00:00+00:00,long,buy,85680.1,0.0,645.63,-0.05,-40.85
2025-03-28 11:13:00+00:00,long,sell - stop_loss,85680.1,84823.299,638.86,-1.05,-41.9
2025-03-28 12:00:00+00:00,long,buy,85214.0,0.0,638.54,-0.05,-41.95
2025-03-28 14:10:00+00:00,long,sell - stop_loss,85214.0,84361.86,631.83,-1.05,-43.0
2025-03-28 15:00:00+00:00,long,buy,84133.9,0.0,631.52,-0.05,-43.05
2025-03-29 09:44:00+00:00,long,sell - stop_loss,84133.9,83292.56099999999,624.88,-1.05,-44.1
2025-03-29 10:00:00+00:00,long,buy,83509.2,0.0,624.57,-0.05,-44.15
2025-03-29 11:19:00+00:00,long,sell - stop_loss,83509.2,82674.108,618.01,-1.05,-45.2
2025-03-29 12:00:00+00:00,long,buy,82255.1,0.0,617.71,-0.05,-45.25
2025-03-31 00:41:00+00:00,long,sell - stop_loss,82255.1,81432.549,611.22,-1.05,-46.3
2025-03-31 01:00:00+00:00,long,buy,81607.9,0.0,610.91,-0.05,-46.35
2025-04-01 08:32:00+00:00,long,sell - take_profit,81607.9,84056.137,628.94,2.95,-43.4
2025-04-01 11:00:00+00:00,long,buy,84139.9,0.0,628.62,-0.05,-43.45
2025-04-01 14:01:00+00:00,long,sell - stop_loss,84139.9,83298.50099999999,622.02,-1.05,-44.5
2025-04-01 15:00:00+00:00,long,buy,84147.4,0.0,621.71,-0.05,-44.55
2025-04-02 15:31:00+00:00,long,sell - take_profit,84147.4,86671.822,640.05,2.95,-41.6
2025-04-02 20:00:00+00:00,long,buy,86854.2,0.0,639.73,-0.05,-41.65
2025-04-02 20:27:00+00:00,long,sell - stop_loss,86854.2,85985.658,633.01,-1.05,-42.7
2025-04-02 21:00:00+00:00,long,buy,85623.2,0.0,632.7,-0.05,-42.75
2025-04-02 21:06:00+00:00,long,sell - stop_loss,85623.2,84766.968,626.05,-1.05,-43.8
2025-04-02 22:00:00+00:00,long,buy,84812.8,0.0,625.74,-0.05,-43.85
2025-04-02 22:09:00+00:00,long,sell - stop_loss,84812.8,83964.672,619.17,-1.05,-44.9
2025-04-02 23:00:00+00:00,long,buy,82784.2,0.0,618.86,-0.05,-44.95
2025-04-03 12:47:00+00:00,long,sell - stop_loss,82784.2,81956.358,612.36,-1.05,-46.0
2025-04-03 13:00:00+00:00,long,buy,81912.3,0.0,612.06,-0.05,-46.05
2025-04-04 08:18:00+00:00,long,sell - take_profit,81912.3,84369.66900000001,630.11,2.95,-43.1
2025-04-04 09:00:00+00:00,long,buy,84372.8,0.0,629.8,-0.05,-43.15
2025-04-04 10:17:00+00:00,long,sell - stop_loss,84372.8,83529.072,623.18,-1.05,-44.2
2025-04-04 11:00:00+00:00,long,buy,82534.5,0.0,622.87,-0.05,-44.25
2025-04-04 11:28:00+00:00,long,sell - stop_loss,82534.5,81709.155,616.33,-1.05,-45.3
2025-04-04 12:00:00+00:00,long,buy,82633.7,0.0,616.02,-0.05,-45.35
2025-04-04 14:50:00+00:00,long,sell - stop_loss,82633.7,81807.363,609.56,-1.05,-46.4
2025-04-04 15:00:00+00:00,long,buy,82534.6,0.0,609.25,-0.05,-46.45
2025-04-06 17:12:00+00:00,long,sell - stop_loss,82534.6,81709.254,602.85,-1.05,-47.5
2025-04-06 18:00:00+00:00,long,buy,80765.9,0.0,602.55,-0.05,-47.55
2025-04-06 18:20:00+00:00,long,sell - stop_loss,80765.9,79958.241,596.23,-1.05,-48.6
2025-04-06 19:00:00+00:00,long,buy,79066.6,0.0,595.93,-0.05,-48.65
2025-04-06 22:03:00+00:00,long,sell - stop_loss,79066.6,78275.93400000001,589.67,-1.05,-49.7
2025-04-06 23:00:00+00:00,long,buy,78034.4,0.0,589.38,-0.05,-49.75
2025-04-06 23:21:00+00:00,long,sell - stop_loss,78034.4,77254.056,583.19,-1.05,-50.8
2025-04-07 00:00:00+00:00,long,buy,78390.1,0.0,582.9,-0.05,-50.85
2025-04-07 00:12:00+00:00,long,sell - stop_loss,78390.1,77606.19900000001,576.77,-1.05,-51.9
2025-04-07 01:00:00+00:00,long,buy,78295.8,0.0,576.49,-0.05,-51.95
2025-04-07 03:44:00+00:00,long,sell - stop_loss,78295.8,77512.842,570.43,-1.05,-53.0
2025-04-07 04:00:00+00:00,long,buy,77669.5,0.0,570.15,-0.05,-53.05
2025-04-07 04:17:00+00:00,long,sell - stop_loss,77669.5,76892.805,564.16,-1.05,-54.1
2025-04-07 05:00:00+00:00,long,buy,76959.9,0.0,563.88,-0.05,-54.15
2025-04-07 06:19:00+00:00,long,sell - stop_loss,76959.9,76190.30099999999,557.96,-1.05,-55.2
2025-04-07 07:00:00+00:00,long,buy,74781.4,0.0,557.68,-0.05,-55.25
2025-04-07 10:15:00+00:00,long,sell - take_profit,74781.4,77024.84199999999,574.13,2.95,-52.3
2025-04-07 11:00:00+00:00,long,buy,76954.0,0.0,573.84,-0.05,-52.35
2025-04-07 13:41:00+00:00,long,sell - stop_loss,76954.0,76184.46,567.82,-1.05,-53.4
2025-04-07 15:00:00+00:00,long,buy,78999.3,0.0,567.54,-0.05,-53.45
2025-04-07 15:14:00+00:00,long,sell - stop_loss,78999.3,78209.307,561.58,-1.05,-54.5
2025-04-07 16:00:00+00:00,long,buy,78444.6,0.0,561.3,-0.05,-54.55
2025-04-07 16:22:00+00:00,long,sell - stop_loss,78444.6,77660.15400000001,555.4,-1.05,-55.6
2025-04-07 19:00:00+00:00,long,buy,78444.4,0.0,555.12,-0.05,-55.65
2025-04-08 02:12:00+00:00,long,sell - take_profit,78444.4,80797.73199999999,571.5,2.95,-52.7
2025-04-08 03:00:00+00:00,long,buy,79911.8,0.0,571.21,-0.05,-52.75
2025-04-08 08:11:00+00:00,long,sell - stop_loss,79911.8,79112.682,565.22,-1.05,-53.8
2025-04-08 09:00:00+00:00,long,buy,79129.9,0.0,564.93,-0.05,-53.85
2025-04-08 15:09:00+00:00,long,sell - stop_loss,79129.9,78338.601,559.0,-1.05,-54.9
2025-04-08 16:00:00+00:00,long,buy,78459.9,0.0,558.72,-0.05,-54.95
2025-04-08 16:36:00+00:00,long,sell - stop_loss,78459.9,77675.30099999999,552.86,-1.05,-56.0
2025-04-08 17:00:00+00:00,long,buy,77393.5,0.0,552.58,-0.05,-56.05
2025-04-08 17:27:00+00:00,long,sell - stop_loss,77393.5,76619.565,546.78,-1.05,-57.1
2025-04-08 18:00:00+00:00,long,buy,77314.7,0.0,546.5,-0.05,-57.15
2025-04-08 19:17:00+00:00,long,sell - stop_loss,77314.7,76541.553,540.77,-1.05,-58.2
2025-04-08 20:00:00+00:00,long,buy,76832.0,0.0,540.5,-0.05,-58.25
2025-04-09 00:02:00+00:00,long,sell - stop_loss,76832.0,76063.68,534.82,-1.05,-59.3
2025-04-09 01:00:00+00:00,long,buy,76494.0,0.0,534.55,-0.05,-59.35
2025-04-09 01:10:00+00:00,long,sell - stop_loss,76494.0,75729.06,528.94,-1.05,-60.4
2025-04-09 02:00:00+00:00,long,buy,76038.0,0.0,528.68,-0.05,-60.45
2025-04-09 03:42:00+00:00,long,sell - stop_loss,76038.0,75277.62,523.12,-1.05,-61.5
2025-04-09 04:00:00+00:00,long,buy,75039.9,0.0,522.86,-0.05,-61.55
2025-04-09 07:02:00+00:00,long,sell - take_profit,75039.9,77291.097,538.29,2.95,-58.6
2025-04-09 08:00:00+00:00,long,buy,77651.3,0.0,538.02,-0.05,-58.65
2025-04-09 11:00:00+00:00,long,sell - stop_loss,77651.3,76874.787,532.37,-1.05,-59.7
2025-04-09 12:00:00+00:00,long,buy,76204.1,0.0,532.1,-0.05,-59.75
2025-04-09 17:02:00+00:00,long,sell - take_profit,76204.1,78490.22300000001,547.8,2.95,-56.8
2025-04-09 18:00:00+00:00,long,buy,82161.9,0.0,547.53,-0.05,-56.85
2025-04-10 07:34:00+00:00,long,sell - stop_loss,82161.9,81340.28099999999,541.78,-1.05,-57.9
2025-04-10 08:00:00+00:00,long,buy,81561.5,0.0,541.51,-0.05,-57.95
2025-04-10 13:43:00+00:00,long,sell - stop_loss,81561.5,80745.885,535.82,-1.05,-59.0
2025-04-10 14:00:00+00:00,long,buy,80844.9,0.0,535.55,-0.05,-59.05
2025-04-10 15:32:00+00:00,long,sell - stop_loss,80844.9,80036.45099999999,529.93,-1.05,-60.1
2025-04-10 16:00:00+00:00,long,buy,78731.7,0.0,529.66,-0.05,-60.15
2025-04-11 06:06:00+00:00,long,sell - take_profit,78731.7,81093.651,545.29,2.95,-57.2
2025-04-11 07:00:00+00:00,long,buy,81058.0,0.0,545.02,-0.05,-57.25
2025-04-11 17:39:00+00:00,long,sell - take_profit,81058.0,83489.74,561.09,2.95,-54.3
2025-04-11 18:00:00+00:00,long,buy,83888.2,0.0,560.81,-0.05,-54.35
2025-04-12 02:48:00+00:00,long,sell - stop_loss,83888.2,83049.318,554.93,-1.05,-55.4
2025-04-12 03:00:00+00:00,long,buy,82768.7,0.0,554.65,-0.05,-55.45
2025-04-12 14:32:00+00:00,long,sell - take_profit,82768.7,85251.761,571.01,2.95,-52.5
2025-04-13 01:00:00+00:00,long,buy,85470.1,0.0,570.72,-0.05,-52.55
2025-04-13 04:33:00+00:00,long,sell - stop_loss,85470.1,84615.399,564.73,-1.05,-53.6
2025-04-13 05:00:00+00:00,long,buy,84587.8,0.0,564.45,-0.05,-53.65
2025-04-13 13:44:00+00:00,long,sell - stop_loss,84587.8,83741.922,558.52,-1.05,-54.7
2025-04-13 14:00:00+00:00,long,buy,83576.9,0.0,558.24,-0.05,-54.75
2025-04-15 13:47:00+00:00,long,sell - take_profit,83576.9,86084.207,574.71,2.95,-51.8
2025-04-15 14:00:00+00:00,long,buy,85537.1,0.0,574.42,-0.05,-51.85
2025-04-15 15:47:00+00:00,long,sell - stop_loss,85537.1,84681.729,568.39,-1.05,-52.9
2025-04-15 16:00:00+00:00,long,buy,84871.9,0.0,568.11,-0.05,-52.95
2025-04-15 19:11:00+00:00,long,sell - stop_loss,84871.9,84023.181,562.14,-1.05,-54.0
2025-04-15 20:00:00+00:00,long,buy,83954.5,0.0,561.86,-0.05,-54.05
2025-04-16 00:58:00+00:00,long,sell - stop_loss,83954.5,83114.955,555.96,-1.05,-55.1
2025-04-16 01:00:00+00:00,long,buy,83105.1,0.0,555.68,-0.05,-55.15
2025-04-19 15:32:00+00:00,long,sell - take_profit,83105.1,85598.25300000001,572.08,2.95,-52.2
2025-04-19 16:00:00+00:00,long,buy,85146.3,0.0,571.79,-0.05,-52.25
2025-04-20 10:42:00+00:00,long,sell - stop_loss,85146.3,84294.837,565.79,-1.05,-53.3
2025-04-20 11:00:00+00:00,long,buy,84135.6,0.0,565.5,-0.05,-53.35
2025-04-21 00:30:00+00:00,long,sell - take_profit,84135.6,86659.668,582.19,2.95,-50.4
2025-04-21 01:00:00+00:00,long,buy,86599.9,0.0,581.9,-0.05,-50.45
2025-04-22 12:57:00+00:00,long,sell - take_profit,86599.9,89197.897,599.06,2.95,-47.5
2025-04-22 21:00:00+00:00,long,buy,91054.1,0.0,598.76,-0.05,-47.55
2025-04-22 21:49:00+00:00,long,sell - take_profit,91054.1,93785.72300000001,616.43,2.95,-44.6
2025-04-23 03:00:00+00:00,long,buy,92830.0,0.0,616.12,-0.05,-44.65
2025-04-23 15:27:00+00:00,long,sell - stop_loss,92830.0,91901.7,609.65,-1.05,-45.7
2025-04-24 00:00:00+00:00,long,buy,93632.2,0.0,609.34,-0.05,-45.75
2025-04-24 03:52:00+00:00,long,sell - stop_loss,93632.2,92695.878,602.95,-1.05,-46.8
2025-04-24 04:00:00+00:00,long,buy,92632.8,0.0,602.64,-0.05,-46.85
2025-04-24 08:47:00+00:00,long,sell - stop_loss,92632.8,91706.47200000001,596.32,-1.05,-47.9
2025-04-24 09:00:00+00:00,long,buy,91985.5,0.0,596.02,-0.05,-47.95
2025-04-25 12:00:00+00:00,long,sell - take_profit,91985.5,94745.065,613.6,2.95,-45.0
2025-04-25 13:00:00+00:00,long,buy,94369.0,0.0,613.29,-0.05,-45.05
2025-04-28 00:07:00+00:00,long,sell - stop_loss,94369.0,93425.31,606.85,-1.05,-46.1
2025-04-28 01:00:00+00:00,long,buy,93373.7,0.0,606.55,-0.05,-46.15
2025-05-01 10:19:00+00:00,long,sell - take_profit,93373.7,96174.911,624.44,2.95,-43.2
2025-05-01 13:00:00+00:00,long,buy,96321.1,0.0,624.13,-0.05,-43.25
2025-05-04 08:34:00+00:00,long,sell - stop_loss,96321.1,95357.88900000001,617.58,-1.05,-44.3
2025-05-04 12:00:00+00:00,long,buy,95376.0,0.0,617.27,-0.05,-44.35
2025-05-04 23:27:00+00:00,long,sell - stop_loss,95376.0,94422.24,610.79,-1.05,-45.4
2025-05-05 01:00:00+00:00,long,buy,94660.0,0.0,610.48,-0.05,-45.45
2025-05-05 01:33:00+00:00,long,sell - stop_loss,94660.0,93713.4,604.07,-1.05,-46.5
2025-05-05 03:00:00+00:00,long,buy,94200.0,0.0,603.77,-0.05,-46.55
2025-05-07 00:07:00+00:00,long,sell - take_profit,94200.0,97026.0,621.58,2.95,-43.6
2025-05-07 06:00:00+00:00,long,buy,96334.2,0.0,621.27,-0.05,-43.65
2025-05-08 04:00:00+00:00,long,sell - take_profit,96334.2,99224.226,639.6,2.95,-40.7
2025-05-08 13:00:00+00:00,long,buy,99250.0,0.0,639.28,-0.05,-40.75
2025-05-08 20:42:00+00:00,long,sell - take_profit,99250.0,102227.5,658.14,2.95,-37.8
2025-05-08 21:00:00+00:00,long,buy,102576.8,0.0,657.81,-0.05,-37.85
2025-05-12 07:04:00+00:00,long,sell - take_profit,102576.8,105654.104,677.21,2.95,-34.9
2025-05-12 14:00:00+00:00,long,buy,104283.2,0.0,676.88,-0.05,-34.95
2025-05-12 14:27:00+00:00,long,sell - stop_loss,104283.2,103240.368,669.77,-1.05,-36.0
2025-05-12 15:00:00+00:00,long,buy,102757.2,0.0,669.43,-0.05,-36.05
2025-05-12 18:09:00+00:00,long,sell - stop_loss,102757.2,101729.628,662.4,-1.05,-37.1
2025-05-12 21:00:00+00:00,long,buy,102639.5,0.0,662.07,-0.05,-37.15
2025-05-13 03:28:00+00:00,long,sell - stop_loss,102639.5,101613.105,655.12,-1.05,-38.2
2025-05-13 07:00:00+00:00,long,buy,102505.9,0.0,654.79,-0.05,-38.25
2025-05-15 09:47:00+00:00,long,sell - stop_loss,102505.9,101480.841,647.92,-1.05,-39.3
2025-05-15 10:00:00+00:00,long,buy,101779.6,0.0,647.59,-0.05,-39.35
2025-05-18 14:20:00+00:00,long,sell - take_profit,101779.6,104832.98800000001,666.7,2.95,-36.4
2025-05-18 17:00:00+00:00,long,buy,105789.2,0.0,666.37,-0.05,-36.45
2025-05-18 18:00:00+00:00,long,sell - stop_loss,105789.2,104731.30799999999,659.37,-1.05,-37.5
2025-05-18 19:00:00+00:00,long,buy,104455.7,0.0,659.04,-0.05,-37.55
2025-05-18 20:00:00+00:00,long,sell - stop_loss,104455.7,103411.143,652.12,-1.05,-38.6
2025-05-19 00:00:00+00:00,long,buy,106407.5,0.0,651.79,-0.05,-38.65
2025-05-19 00:45:00+00:00,long,sell - stop_loss,106407.5,105343.425,644.95,-1.05,-39.7
2025-05-19 01:00:00+00:00,long,buy,105225.2,0.0,644.63,-0.05,-39.75
2025-05-19 03:12:00+00:00,long,sell - stop_loss,105225.2,104172.94799999999,637.86,-1.05,-40.8
2025-05-19 04:00:00+00:00,long,buy,103569.5,0.0,637.54,-0.05,-40.85
2025-05-19 05:30:00+00:00,long,sell - stop_loss,103569.5,102533.805,630.84,-1.05,-41.9
2025-05-19 10:00:00+00:00,long,buy,103024.6,0.0,630.53,-0.05,-41.95
2025-05-20 00:15:00+00:00,long,sell - take_profit,103024.6,106115.338,649.13,2.95,-39.0
2025-05-20 03:00:00+00:00,long,buy,106059.9,0.0,648.81,-0.05,-39.05
2025-05-20 07:46:00+00:00,long,sell - stop_loss,106059.9,104999.30099999999,641.99,-1.05,-40.1
2025-05-20 11:00:00+00:00,long,buy,104974.5,0.0,641.67,-0.05,-40.15
2025-05-21 14:50:00+00:00,long,sell - take_profit,104974.5,108123.735,660.6,2.95,-37.2
2025-05-21 15:00:00+00:00,long,buy,108963.0,0.0,660.27,-0.05,-37.25
2025-05-21 17:25:00+00:00,long,sell - stop_loss,108963.0,107873.37,653.34,-1.05,-38.3
2025-05-21 18:00:00+00:00,long,buy,106566.9,0.0,653.01,-0.05,-38.35
2025-05-21 23:23:00+00:00,long,sell - take_profit,106566.9,109763.90699999999,672.28,2.95,-35.4
2025-05-22 13:00:00+00:00,long,buy,111572.3,0.0,671.94,-0.05,-35.45
2025-05-23 06:12:00+00:00,long,sell - stop_loss,111572.3,110456.577,664.88,-1.05,-36.5
2025-05-23 18:00:00+00:00,long,buy,109361.1,0.0,664.55,-0.05,-36.55
2025-05-23 20:36:00+00:00,long,sell - stop_loss,109361.1,108267.489,657.57,-1.05,-37.6
2025-05-23 21:00:00+00:00,long,buy,108190.0,0.0,657.24,-0.05,-37.65
2025-05-23 23:36:00+00:00,long,sell - stop_loss,108190.0,107108.1,650.34,-1.05,-38.7
2025-05-24 00:00:00+00:00,long,buy,107271.6,0.0,650.02,-0.05,-38.75
2025-05-27 13:13:00+00:00,long,sell - take_profit,107271.6,110489.748,669.19,2.95,-35.8
2025-05-27 14:00:00+00:00,long,buy,109791.5,0.0,668.86,-0.05,-35.85
2025-05-27 14:32:00+00:00,long,sell - stop_loss,109791.5,108693.58499999999,661.84,-1.05,-36.9
2025-05-27 18:00:00+00:00,long,buy,110188.8,0.0,661.51,-0.05,-36.95
2025-05-27 21:26:00+00:00,long,sell - stop_loss,110188.8,109086.912,654.56,-1.05,-38.0
2025-05-28 06:00:00+00:00,long,buy,108934.4,0.0,654.23,-0.05,-38.05
2025-05-28 14:10:00+00:00,long,sell - stop_loss,108934.4,107845.056,647.36,-1.05,-39.1
2025-05-28 15:00:00+00:00,long,buy,107475.8,0.0,647.04,-0.05,-39.15
2025-05-29 14:34:00+00:00,long,sell - stop_loss,107475.8,106401.042,640.25,-1.05,-40.2
2025-05-29 16:00:00+00:00,long,buy,106972.6,0.0,639.93,-0.05,-40.25
2025-05-29 18:58:00+00:00,long,sell - stop_loss,106972.6,105902.87400000001,633.21,-1.05,-41.3
2025-05-29 19:00:00+00:00,long,buy,105787.8,0.0,632.89,-0.05,-41.35
2025-05-30 00:58:00+00:00,long,sell - stop_loss,105787.8,104729.922,626.24,-1.05,-42.4
2025-05-30 01:00:00+00:00,long,buy,104900.5,0.0,625.93,-0.05,-42.45
2025-05-30 16:50:00+00:00,long,sell - stop_loss,104900.5,103851.495,619.36,-1.05,-43.5
2025-05-30 17:00:00+00:00,long,buy,103867.5,0.0,619.05,-0.05,-43.55
2025-06-05 18:13:00+00:00,long,sell - stop_loss,103867.5,102828.825,612.55,-1.05,-44.6
2025-06-05 19:00:00+00:00,long,buy,102949.9,0.0,612.24,-0.05,-44.65
2025-06-05 19:17:00+00:00,long,sell - stop_loss,102949.9,101920.401,605.81,-1.05,-45.7
2025-06-05 20:00:00+00:00,long,buy,101873.0,0.0,605.51,-0.05,-45.75
2025-06-05 20:41:00+00:00,long,sell - stop_loss,101873.0,100854.27,599.15,-1.05,-46.8
2025-06-05 21:00:00+00:00,long,buy,100428.9,0.0,598.85,-0.05,-46.85
2025-06-06 08:19:00+00:00,long,sell - take_profit,100428.9,103441.76699999999,616.52,2.95,-43.9
2025-06-06 13:00:00+00:00,long,buy,103702.4,0.0,616.21,-0.05,-43.95
2025-06-09 09:46:00+00:00,long,sell - take_profit,103702.4,106813.472,634.39,2.95,-41.0
2025-06-09 13:00:00+00:00,long,buy,107695.5,0.0,634.07,-0.05,-41.05
2025-06-12 13:32:00+00:00,long,sell - stop_loss,107695.5,106618.545,627.42,-1.05,-42.1
2025-06-12 14:00:00+00:00,long,buy,107015.8,0.0,627.1,-0.05,-42.15
2025-06-12 20:43:00+00:00,long,sell - stop_loss,107015.8,105945.642,620.52,-1.05,-43.2
2025-06-12 21:00:00+00:00,long,buy,105913.4,0.0,620.21,-0.05,-43.25
2025-06-13 00:02:00+00:00,long,sell - stop_loss,105913.4,104854.26599999999,613.69,-1.05,-44.3
2025-06-13 01:00:00+00:00,long,buy,103733.7,0.0,613.39,-0.05,-44.35
2025-06-13 01:10:00+00:00,long,sell - stop_loss,103733.7,102696.363,606.95,-1.05,-45.4
2025-06-13 02:00:00+00:00,long,buy,103715.0,0.0,606.64,-0.05,-45.45
2025-06-16 07:29:00+00:00,long,sell - take_profit,103715.0,106826.45,624.54,2.95,-42.5
2025-06-16 10:00:00+00:00,long,buy,106914.3,0.0,624.23,-0.05,-42.55
2025-06-17 10:35:00+00:00,long,sell - stop_loss,106914.3,105845.157,617.67,-1.05,-43.6
2025-06-17 11:00:00+00:00,long,buy,105904.7,0.0,617.36,-0.05,-43.65
2025-06-17 14:41:00+00:00,long,sell - stop_loss,105904.7,104845.65299999999,610.88,-1.05,-44.7
2025-06-17 15:00:00+00:00,long,buy,104791.6,0.0,610.58,-0.05,-44.75
2025-06-17 16:49:00+00:00,long,sell - stop_loss,104791.6,103743.68400000001,604.17,-1.05,-45.8
2025-06-17 17:00:00+00:00,long,buy,103574.2,0.0,603.86,-0.05,-45.85
2025-06-20 17:36:00+00:00,long,sell - stop_loss,103574.2,102538.458,597.52,-1.05,-46.9
2025-06-20 19:00:00+00:00,long,buy,103127.9,0.0,597.22,-0.05,-46.95
2025-06-21 21:24:00+00:00,long,sell - stop_loss,103127.9,102096.621,590.95,-1.05,-48.0
2025-06-21 22:00:00+00:00,long,buy,101392.7,0.0,590.66,-0.05,-48.05
2025-06-22 13:43:00+00:00,long,sell - stop_loss,101392.7,100378.773,584.46,-1.05,-49.1
2025-06-22 14:00:00+00:00,long,buy,100809.9,0.0,584.16,-0.05,-49.15
2025-06-22 14:21:00+00:00,long,sell - stop_loss,100809.9,99801.80099999999,578.03,-1.05,-50.2
2025-06-22 15:00:00+00:00,long,buy,99584.2,0.0,577.74,-0.05,-50.25
2025-06-22 20:09:00+00:00,long,sell - stop_loss,99584.2,98588.358,571.67,-1.05,-51.3
2025-06-22 21:00:00+00:00,long,buy,99493.3,0.0,571.39,-0.05,-51.35
2025-06-23 14:00:00+00:00,long,sell - take_profit,99493.3,102478.099,588.24,2.95,-48.4
2025-06-23 16:00:00+00:00,long,buy,101369.6,0.0,587.95,-0.05,-48.45
2025-06-23 16:26:00+00:00,long,sell - stop_loss,101369.6,100355.90400000001,581.78,-1.05,-49.5
2025-06-23 17:00:00+00:00,long,buy,100643.0,0.0,581.49,-0.05,-49.55
2025-06-23 20:20:00+00:00,long,sell - take_profit,100643.0,103662.29000000001,598.64,2.95,-46.6
2025-06-24 13:00:00+00:00,long,buy,105146.3,0.0,598.34,-0.05,-46.65
2025-06-29 11:54:00+00:00,long,sell - take_profit,105146.3,108300.68900000001,615.99,2.95,-43.7
2025-06-29 14:00:00+00:00,long,buy,108013.1,0.0,615.68,-0.05,-43.75
2025-06-30 14:53:00+00:00,long,sell - stop_loss,108013.1,106932.96900000001,609.22,-1.05,-44.8
2025-06-30 18:00:00+00:00,long,buy,107422.7,0.0,608.91,-0.05,-44.85
2025-07-01 10:38:00+00:00,long,sell - stop_loss,107422.7,106348.473,602.52,-1.05,-45.9
2025-07-01 12:00:00+00:00,long,buy,106556.8,0.0,602.22,-0.05,-45.95
2025-07-01 19:02:00+00:00,long,sell - stop_loss,106556.8,105491.232,595.9,-1.05,-47.0
2025-07-01 20:00:00+00:00,long,buy,105340.1,0.0,595.6,-0.05,-47.05
2025-07-02 15:52:00+00:00,long,sell - take_profit,105340.1,108500.30300000001,613.17,2.95,-44.1
2025-07-02 16:00:00+00:00,long,buy,108695.4,0.0,612.86,-0.05,-44.15
2025-07-04 14:13:00+00:00,long,sell - stop_loss,108695.4,107608.446,606.43,-1.05,-45.2
2025-07-04 15:00:00+00:00,long,buy,107762.6,0.0,606.12,-0.05,-45.25
2025-07-09 19:37:00+00:00,long,sell - take_profit,107762.6,110995.478,624.0,2.95,-42.3
2025-07-10 07:00:00+00:00,long,buy,111184.7,0.0,623.69,-0.05,-42.35
2025-07-10 21:17:00+00:00,long,sell - take_profit,111184.7,114520.241,642.09,2.95,-39.4
2025-07-11 11:00:00+00:00,long,buy,117960.9,0.0,641.77,-0.05,-39.45
2025-07-11 15:55:00+00:00,long,sell - stop_loss,117960.9,116781.291,635.03,-1.05,-40.5
2025-07-11 18:00:00+00:00,long,buy,117625.1,0.0,634.71,-0.05,-40.55
2025-07-14 03:42:00+00:00,long,sell - take_profit,117625.1,121153.853,653.44,2.95,-37.6
2025-07-14 10:00:00+00:00,long,buy,121980.0,0.0,653.11,-0.05,-37.65
2025-07-14 14:41:00+00:00,long,sell - stop_loss,121980.0,120760.2,646.25,-1.05,-38.7
2025-07-14 15:00:00+00:00,long,buy,121160.0,0.0,645.93,-0.05,-38.75
2025-07-14 15:45:00+00:00,long,sell - stop_loss,121160.0,119948.4,639.15,-1.05,-39.8
2025-07-14 16:00:00+00:00,long,buy,119863.1,0.0,638.83,-0.05,-39.85
2025-07-15 01:58:00+00:00,long,sell - stop_loss,119863.1,118664.46900000001,632.12,-1.05,-40.9
2025-07-15 03:00:00+00:00,long,buy,118251.8,0.0,631.8,-0.05,-40.95
2025-07-15 03:37:00+00:00,long,sell - stop_loss,118251.8,117069.282,625.17,-1.05,-42.0
2025-07-15 04:00:00+00:00,long,buy,117209.2,0.0,624.86,-0.05,-42.05
2025-07-15 14:54:00+00:00,long,sell - stop_loss,117209.2,116037.108,618.3,-1.05,-43.1
2025-07-15 15:00:00+00:00,long,buy,115979.6,0.0,617.99,-0.05,-43.15
2025-07-16 15:05:00+00:00,long,sell - take_profit,115979.6,119458.98800000001,636.22,2.95,-40.2
2025-07-16 16:00:00+00:00,long,buy,119055.9,0.0,635.9,-0.05,-40.25
2025-07-17 01:47:00+00:00,long,sell - stop_loss,119055.9,117865.341,629.22,-1.05,-41.3
2025-07-17 04:00:00+00:00,long,buy,118090.8,0.0,628.91,-0.05,-41.35
2025-07-18 20:27:00+00:00,long,sell - stop_loss,118090.8,116909.892,622.31,-1.05,-42.4
2025-07-19 11:00:00+00:00,long,buy,118410.6,0.0,621.99,-0.05,-42.45
2025-07-20 22:09:00+00:00,long,sell - stop_loss,118410.6,117226.494,615.46,-1.05,-43.5
2025-07-20 23:00:00+00:00,long,buy,117438.5,0.0,615.16,-0.05,-43.55
2025-07-22 01:17:00+00:00,long,sell - stop_loss,117438.5,116264.115,608.7,-1.05,-44.6
2025-07-22 04:00:00+00:00,long,buy,117176.9,0.0,608.39,-0.05,-44.65
2025-07-25 03:04:00+00:00,long,sell - stop_loss,117176.9,116005.131,602.0,-1.05,-45.7
2025-07-25 04:00:00+00:00,long,buy,115384.7,0.0,601.7,-0.05,-45.75
2025-07-27 16:03:00+00:00,long,sell - take_profit,115384.7,118846.241,619.45,2.95,-42.8
2025-07-27 22:00:00+00:00,long,buy,119257.3,0.0,619.14,-0.05,-42.85
2025-07-28 14:25:00+00:00,long,sell - stop_loss,119257.3,118064.727,612.64,-1.05,-43.9
2025-07-28 16:00:00+00:00,long,buy,118152.9,0.0,612.34,-0.05,-43.95
2025-07-29 16:38:00+00:00,long,sell - stop_loss,118152.9,116971.371,605.91,-1.05,-45.0
2025-07-29 18:00:00+00:00,long,buy,117723.5,0.0,605.6,-0.05,-45.05
2025-07-30 18:56:00+00:00,long,sell - stop_loss,117723.5,116546.265,599.25,-1.05,-46.1
2025-07-30 19:00:00+00:00,long,buy,116476.9,0.0,598.95,-0.05,-46.15
2025-08-01 00:13:00+00:00,long,sell - stop_loss,116476.9,115312.131,592.66,-1.05,-47.2
2025-08-01 01:00:00+00:00,long,buy,115366.9,0.0,592.36,-0.05,-47.25
2025-08-01 08:35:00+00:00,long,sell - stop_loss,115366.9,114213.231,586.14,-1.05,-48.3
2025-08-01 09:00:00+00:00,long,buy,114552.3,0.0,585.85,-0.05,-48.35
2025-08-01 19:21:00+00:00,long,sell - stop_loss,114552.3,113406.777,579.7,-1.05,-49.4
2025-08-01 20:00:00+00:00,long,buy,113278.4,0.0,579.41,-0.05,-49.45
2025-08-02 18:56:00+00:00,long,sell - stop_loss,113278.4,112145.616,573.32,-1.05,-50.5
2025-08-02 19:00:00+00:00,long,buy,112285.1,0.0,573.04,-0.05,-50.55
2025-08-04 17:13:00+00:00,long,sell - take_profit,112285.1,115653.653,589.94,2.95,-47.6
2025-08-04 19:00:00+00:00,long,buy,114907.2,0.0,589.65,-0.05,-47.65
2025-08-05 07:37:00+00:00,long,sell - stop_loss,114907.2,113758.128,583.45,-1.05,-48.7
2025-08-05 11:00:00+00:00,long,buy,114799.7,0.0,583.16,-0.05,-48.75
2025-08-05 12:39:00+00:00,long,sell - stop_loss,114799.7,113651.703,577.04,-1.05,-49.8
2025-08-05 14:00:00+00:00,long,buy,114322.6,0.0,576.75,-0.05,-49.85
2025-08-05 14:27:00+00:00,long,sell - stop_loss,114322.6,113179.37400000001,570.69,-1.05,-50.9
2025-08-05 18:00:00+00:00,long,buy,113579.7,0.0,570.41,-0.05,-50.95
2025-08-07 19:42:00+00:00,long,sell - take_profit,113579.7,116987.091,587.24,2.95,-48.0
2025-08-08 01:00:00+00:00,long,buy,117216.4,0.0,586.94,-0.05,-48.05
2025-08-08 15:39:00+00:00,long,sell - stop_loss,117216.4,116044.23599999999,580.78,-1.05,-49.1
2025-08-09 05:00:00+00:00,long,buy,116383.9,0.0,580.49,-0.05,-49.15
2025-08-11 01:59:00+00:00,long,sell - take_profit,116383.9,119875.417,597.61,2.95,-46.2
2025-08-11 02:00:00+00:00,long,buy,120050.0,0.0,597.32,-0.05,-46.25
2025-08-11 19:51:00+00:00,long,sell - stop_loss,120050.0,118849.5,591.04,-1.05,-47.3
2025-08-11 20:00:00+00:00,long,buy,119035.2,0.0,590.75,-0.05,-47.35
2025-08-13 19:50:00+00:00,long,sell - take_profit,119035.2,122606.256,608.17,2.95,-44.4
2025-08-14 04:00:00+00:00,long,buy,123405.1,0.0,607.87,-0.05,-44.45
2025-08-14 05:52:00+00:00,long,sell - stop_loss,123405.1,122171.049,601.49,-1.05,-45.5
2025-08-14 06:00:00+00:00,long,buy,122166.0,0.0,601.19,-0.05,-45.55
2025-08-14 10:52:00+00:00,long,sell - stop_loss,122166.0,120944.34,594.87,-1.05,-46.6
2025-08-14 12:00:00+00:00,long,buy,120947.8,0.0,594.58,-0.05,-46.65
2025-08-14 12:34:00+00:00,long,sell - stop_loss,120947.8,119738.322,588.33,-1.05,-47.7
2025-08-14 13:00:00+00:00,long,buy,118822.2,0.0,588.04,-0.05,-47.75
2025-08-14 16:13:00+00:00,long,sell - stop_loss,118822.2,117633.978,581.87,-1.05,-48.8
2025-08-14 17:00:00+00:00,long,buy,117815.2,0.0,581.57,-0.05,-48.85
2025-08-18 01:29:00+00:00,long,sell - stop_loss,117815.2,116637.048,575.47,-1.05,-49.9
2025-08-18 02:00:00+00:00,long,buy,116214.0,0.0,575.18,-0.05,-49.95
2025-08-18 03:45:00+00:00,long,sell - stop_loss,116214.0,115051.86,569.14,-1.05,-51.0
2025-08-18 04:00:00+00:00,long,buy,115264.8,0.0,568.86,-0.05,-51.05
2025-08-19 14:28:00+00:00,long,sell - stop_loss,115264.8,114112.152,562.88,-1.05,-52.1
2025-08-19 15:00:00+00:00,long,buy,113827.4,0.0,562.6,-0.05,-52.15
2025-08-19 23:53:00+00:00,long,sell - stop_loss,113827.4,112689.12599999999,556.69,-1.05,-53.2
2025-08-20 00:00:00+00:00,long,buy,112824.1,0.0,556.42,-0.05,-53.25
2025-08-22 12:32:00+00:00,long,sell - stop_loss,112824.1,111695.85900000001,550.57,-1.05,-54.3
2025-08-22 14:00:00+00:00,long,buy,112434.0,0.0,550.3,-0.05,-54.35
2025-08-22 14:39:00+00:00,long,sell - take_profit,112434.0,115807.02,566.53,2.95,-51.4
2025-08-22 15:00:00+00:00,long,buy,115744.5,0.0,566.25,-0.05,-51.45
2025-08-23 14:47:00+00:00,long,sell - stop_loss,115744.5,114587.055,560.3,-1.05,-52.5
2025-08-23 16:00:00+00:00,long,buy,114776.4,0.0,560.02,-0.05,-52.55
2025-08-24 19:34:00+00:00,long,sell - stop_loss,114776.4,113628.636,554.14,-1.05,-53.6
2025-08-24 20:00:00+00:00,long,buy,112556.4,0.0,553.87,-0.05,-53.65
2025-08-25 07:36:00+00:00,long,sell - stop_loss,112556.4,111430.836,548.05,-1.05,-54.7
2025-08-25 08:00:00+00:00,long,buy,111469.7,0.0,547.78,-0.05,-54.75
2025-08-25 20:00:00+00:00,long,sell - stop_loss,111469.7,110355.003,542.03,-1.05,-55.8
2025-08-25 21:00:00+00:00,long,buy,109501.1,0.0,541.75,-0.05,-55.85
2025-08-28 04:47:00+00:00,long,sell - take_profit,109501.1,112786.13300000002,557.74,2.95,-52.9
2025-08-28 13:00:00+00:00,long,buy,113187.7,0.0,557.46,-0.05,-52.95
2025-08-28 19:43:00+00:00,long,sell - stop_loss,113187.7,112055.82299999999,551.6,-1.05,-54.0
2025-08-28 20:00:00+00:00,long,buy,111864.8,0.0,551.33,-0.05,-54.05
2025-08-29 07:12:00+00:00,long,sell - stop_loss,111864.8,110746.152,545.54,-1.05,-55.1
2025-08-29 08:00:00+00:00,long,buy,109969.0,0.0,545.27,-0.05,-55.15
2025-08-29 13:56:00+00:00,long,sell - stop_loss,109969.0,108869.31,539.54,-1.05,-56.2
2025-08-29 14:00:00+00:00,long,buy,109056.5,0.0,539.27,-0.05,-56.25
2025-08-29 19:02:00+00:00,long,sell - stop_loss,109056.5,107965.935,533.61,-1.05,-57.3
2025-08-29 20:00:00+00:00,long,buy,108155.5,0.0,533.34,-0.05,-57.35
2025-09-02 14:00:00+00:00,long,sell - take_profit,108155.5,111400.16500000001,549.08,2.95,-54.4
2025-09-02 16:00:00+00:00,long,buy,110789.9,0.0,548.8,-0.05,-54.45
2025-09-04 14:10:00+00:00,long,sell - stop_loss,110789.9,109682.00099999999,543.04,-1.05,-55.5
2025-09-04 15:00:00+00:00,long,buy,109800.0,0.0,542.77,-0.05,-55.55
2025-09-05 12:30:00+00:00,long,sell - take_profit,109800.0,113094.0,558.78,2.95,-52.6
2025-09-05 14:00:00+00:00,long,buy,113028.4,0.0,558.5,-0.05,-52.65
2025-09-05 14:16:00+00:00,long,sell - stop_loss,113028.4,111898.116,552.64,-1.05,-53.7
2025-09-05 15:00:00+00:00,long,buy,110527.3,0.0,552.36,-0.05,-53.75
2025-09-10 13:42:00+00:00,long,sell - take_profit,110527.3,113843.119,568.65,2.95,-50.8
2025-09-10 18:00:00+00:00,long,buy,113693.9,0.0,568.37,-0.05,-50.85
2025-09-17 05:45:00+00:00,long,sell - take_profit,113693.9,117104.717,585.14,2.95,-47.9
2025-09-17 08:00:00+00:00,long,buy,117120.5,0.0,584.84,-0.05,-47.95
2025-09-17 13:36:00+00:00,long,sell - stop_loss,117120.5,115949.295,578.7,-1.05,-49.0
2025-09-17 14:00:00+00:00,long,buy,116067.1,0.0,578.41,-0.05,-49.05
2025-09-17 18:15:00+00:00,long,sell - stop_loss,116067.1,114906.429,572.34,-1.05,-50.1
2025-09-18 06:00:00+00:00,long,buy,117228.1,0.0,572.05,-0.05,-50.15
2025-09-19 13:19:00+00:00,long,sell - stop_loss,117228.1,116055.819,566.05,-1.05,-51.2
2025-09-19 15:00:00+00:00,long,buy,115849.7,0.0,565.76,-0.05,-51.25
2025-09-22 00:36:00+00:00,long,sell - stop_loss,115849.7,114691.203,559.82,-1.05,-52.3
2025-09-22 01:00:00+00:00,long,buy,114335.8,0.0,559.54,-0.05,-52.35
2025-09-22 06:01:00+00:00,long,sell - stop_loss,114335.8,113192.442,553.67,-1.05,-53.4
2025-09-22 07:00:00+00:00,long,buy,112748.8,0.0,553.39,-0.05,-53.45
2025-09-23 02:54:00+00:00,long,sell - stop_loss,112748.8,111621.312,547.58,-1.05,-54.5
2025-09-23 03:00:00+00:00,long,buy,111760.5,0.0,547.31,-0.05,-54.55
2025-09-25 13:43:00+00:00,long,sell - stop_loss,111760.5,110642.895,541.56,-1.05,-55.6
2025-09-25 14:00:00+00:00,long,buy,110958.4,0.0,541.29,-0.05,-55.65
2025-09-25 17:21:00+00:00,long,sell - stop_loss,110958.4,109848.81599999999,535.61,-1.05,-56.7
2025-09-25 18:00:00+00:00,long,buy,108793.9,0.0,535.34,-0.05,-56.75
2025-09-28 23:00:00+00:00,long,sell - take_profit,108793.9,112057.71699999999,551.13,2.95,-53.8
2025-09-29 03:00:00+00:00,long,buy,111690.8,0.0,550.86,-0.05,-53.85
2025-10-01 08:27:00+00:00,long,sell - take_profit,111690.8,115041.524,567.11,2.95,-50.9
2025-10-02 05:00:00+00:00,long,buy,118616.7,0.0,566.82,-0.05,-50.95
2025-10-03 15:57:00+00:00,long,sell - take_profit,118616.7,122175.201,583.54,2.95,-48.0
2025-10-03 16:00:00+00:00,long,buy,122238.5,0.0,583.25,-0.05,-48.05
2025-10-06 18:51:00+00:00,long,sell - take_profit,122238.5,125905.655,600.46,2.95,-45.1
2025-10-06 19:00:00+00:00,long,buy,125986.1,0.0,600.16,-0.05,-45.15
2025-10-06 21:21:00+00:00,long,sell - stop_loss,125986.1,124726.239,593.86,-1.05,-46.2
2025-10-06 22:00:00+00:00,long,buy,125062.1,0.0,593.56,-0.05,-46.25
2025-10-07 06:29:00+00:00,long,sell - stop_loss,125062.1,123811.479,587.33,-1.05,-47.3
2025-10-07 14:00:00+00:00,long,buy,123825.4,0.0,587.03,-0.05,-47.35
2025-10-07 14:40:00+00:00,long,sell - stop_loss,123825.4,122587.146,580.87,-1.05,-48.4
2025-10-07 15:00:00+00:00,long,buy,122684.1,0.0,580.58,-0.05,-48.45
2025-10-07 15:38:00+00:00,long,sell - stop_loss,122684.1,121457.259,574.48,-1.05,-49.5
2025-10-07 17:00:00+00:00,long,buy,121621.6,0.0,574.19,-0.05,-49.55
2025-10-09 16:53:00+00:00,long,sell - stop_loss,121621.6,120405.384,568.17,-1.05,-50.6
2025-10-09 19:00:00+00:00,long,buy,120600.0,0.0,567.88,-0.05,-50.65
2025-10-10 15:23:00+00:00,long,sell - stop_loss,120600.0,119394.0,561.92,-1.05,-51.7
2025-10-10 16:00:00+00:00,long,buy,118965.2,0.0,561.64,-0.05,-51.75
2025-10-10 17:05:00+00:00,long,sell - stop_loss,118965.2,117775.548,555.74,-1.05,-52.8
2025-10-10 18:00:00+00:00,long,buy,117590.8,0.0,555.46,-0.05,-52.85
2025-10-10 19:20:00+00:00,long,sell - stop_loss,117590.8,116414.892,549.63,-1.05,-53.9
2025-10-10 20:00:00+00:00,long,buy,116605.2,0.0,549.36,-0.05,-53.95
2025-10-10 20:53:00+00:00,long,sell - stop_loss,116605.2,115439.148,543.59,-1.05,-55.0
2025-10-10 21:00:00+00:00,long,buy,114200.4,0.0,543.32,-0.05,-55.05
2025-10-10 21:12:00+00:00,long,sell - stop_loss,114200.4,113058.396,537.61,-1.05,-56.1
2025-10-10 22:00:00+00:00,long,buy,113253.6,0.0,537.34,-0.05,-56.15
2025-10-10 22:05:00+00:00,long,sell - stop_loss,113253.6,112121.064,531.7,-1.05,-57.2
2025-10-10 23:00:00+00:00,long,buy,113606.2,0.0,531.43,-0.05,-57.25
2025-10-11 00:00:00+00:00,long,sell - stop_loss,113606.2,112470.13799999999,525.85,-1.05,-58.3
2025-10-11 01:00:00+00:00,long,buy,112463.3,0.0,525.59,-0.05,-58.35
2025-10-11 01:24:00+00:00,long,sell - stop_loss,112463.3,111338.667,520.07,-1.05,-59.4
2025-10-11 02:00:00+00:00,long,buy,111060.0,0.0,519.81,-0.05,-59.45
2025-10-11 20:56:00+00:00,long,sell - stop_loss,111060.0,109949.4,514.35,-1.05,-60.5
2025-10-11 21:00:00+00:00,long,buy,110184.8,0.0,514.1,-0.05,-60.55
2025-10-12 15:18:00+00:00,long,sell - take_profit,110184.8,113490.34400000001,529.26,2.95,-57.6
2025-10-13 03:00:00+00:00,long,buy,115275.0,0.0,529.0,-0.05,-57.65
2025-10-13 11:05:00+00:00,long,sell - stop_loss,115275.0,114122.25,523.44,-1.05,-58.7
2025-10-13 12:00:00+00:00,long,buy,114129.2,0.0,523.18,-0.05,-58.75
2025-10-14 04:47:00+00:00,long,sell - stop_loss,114129.2,112987.908,517.69,-1.05,-59.8
2025-10-14 06:00:00+00:00,long,buy,112438.3,0.0,517.43,-0.05,-59.85
2025-10-14 06:48:00+00:00,long,sell - stop_loss,112438.3,111313.917,512.0,-1.05,-60.9
2025-10-14 07:00:00+00:00,long,buy,111933.4,0.0,511.74,-0.05,-60.95
2025-10-14 10:13:00+00:00,long,sell - stop_loss,111933.4,110814.06599999999,506.37,-1.05,-62.0
2025-10-14 11:00:00+00:00,long,buy,110573.9,0.0,506.11,-0.05,-62.05
2025-10-16 09:34:00+00:00,long,sell - stop_loss,110573.9,109468.161,500.8,-1.05,-63.1
2025-10-16 11:00:00+00:00,long,buy,111422.3,0.0,500.55,-0.05,-63.15
2025-10-16 14:10:00+00:00,long,sell - stop_loss,111422.3,110308.077,495.29,-1.05,-64.2
