timestamp,predicted_direction,action,buy_price,sell_price,balance,pnl,pnl_sum
2024-01-01 00:02:00,short,buy,42363.5,0.0,999.3,-0.07,-0.07
2024-01-01 01:37:00,short,sell - stop_loss,42363.5,42724.8,990.08,-0.92,-0.99
2024-01-01 02:01:00,short,buy,42658.9,0.0,989.38,-0.07,-1.06
2024-01-01 18:08:00,short,sell - stop_loss,42658.9,43049.0,979.64,-0.98,-2.05
2024-01-01 19:01:00,short,buy,43192.7,0.0,978.96,-0.07,-2.12
2024-01-01 20:00:00,short,sell - stop_loss,43192.7,43566.6,969.8,-0.94,-3.05
2024-01-01 21:01:00,short,buy,43787.5,0.0,969.12,-0.07,-3.12
2024-01-01 23:52:00,short,sell - stop_loss,43787.5,44199.0,959.33,-1.01,-4.13
2024-01-02 00:01:00,short,buy,44240.0,0.0,958.66,-0.07,-4.2
2024-01-02 00:13:00,short,sell - stop_loss,44240.0,44716.0,947.68,-1.15,-5.35
2024-01-02 01:01:00,short,buy,45160.8,0.0,947.01,-0.07,-5.42
2024-01-02 07:25:00,short,sell - stop_loss,45160.8,45792.8,933.1,-1.47,-6.89
2024-01-02 08:01:00,short,buy,45537.8,0.0,932.44,-0.07,-6.96
2024-01-03 11:51:00,short,sell - take_profit,45537.8,44007.3,963.13,3.29,-3.67
2024-01-03 12:01:00,long,buy,43584.8,0.0,962.46,-0.07,-3.74
2024-01-03 12:01:00,long,sell - stop_loss,43584.8,43591.2,961.92,-0.06,-3.79
2024-01-03 13:01:00,long,buy,42641.7,0.0,961.25,-0.07,-3.86
2024-01-03 14:15:00,long,sell - stop_loss,42641.7,42317.9,953.28,-0.83,-4.69
2024-01-03 15:01:00,long,buy,42277.5,0.0,952.61,-0.07,-4.76
2024-01-03 16:02:00,long,sell - take_profit,42277.5,43615.5,982.09,3.09,-1.67
2024-01-03 17:01:00,long,buy,43053.1,0.0,981.41,-0.07,-1.74
2024-01-03 17:16:00,long,sell - stop_loss,43053.1,42940.2,978.15,-0.33,-2.07
2024-01-03 18:01:00,long,buy,42889.5,0.0,977.46,-0.07,-2.14
2024-01-03 18:56:00,long,sell - stop_loss,42889.5,42593.8,970.04,-0.76,-2.9
2024-01-03 19:01:00,long,buy,42350.0,0.0,969.36,-0.07,-2.97
2024-01-04 14:51:00,long,sell - take_profit,42350.0,43638.7,998.18,2.97,0.0
2024-01-04 15:01:00,short,buy,43795.9,0.0,997.48,-0.07,-0.07
2024-01-04 15:29:00,short,sell - stop_loss,43795.9,44290.0,985.53,-1.2,-1.26
2024-01-04 16:01:00,short,buy,44148.0,0.0,984.84,-0.07,-1.33
2024-01-04 20:38:00,short,sell - stop_loss,44148.0,44875.5,967.92,-1.72,-3.05
2024-01-04 21:01:00,short,buy,44198.1,0.0,967.24,-0.07,-3.12
2024-01-04 21:01:00,short,sell - stop_loss,44198.1,44814.9,953.07,-1.47,-4.59
2024-01-04 22:01:00,short,buy,44445.9,0.0,952.4,-0.07,-4.66
2024-01-05 01:48:00,short,sell - take_profit,44445.9,42181.0,1000.26,5.03,0.37
2024-01-05 02:01:00,short,buy,43760.0,0.0,999.56,-0.07,0.3
2024-01-05 09:01:00,short,sell - stop_loss,43760.0,44327.6,985.9,-1.37,-1.07
2024-01-05 10:01:00,short,buy,44143.8,0.0,985.21,-0.07,-1.14
2024-01-08 00:01:00,short,sell - direction change,44143.8,43903.0,989.89,0.48,-0.66
2024-01-08 01:01:00,long,buy,43668.0,0.0,989.2,-0.07,-0.73
2024-01-08 02:52:00,long,sell - stop_loss,43668.0,43346.1,981.22,-0.81,-1.54
2024-01-08 03:01:00,long,buy,43316.3,0.0,980.53,-0.07,-1.61
2024-01-08 11:55:00,long,sell - take_profit,43316.3,44749.3,1012.28,3.24,1.63
2024-01-08 12:01:00,short,buy,44751.7,0.0,1011.57,-0.07,1.56
2024-01-08 12:15:00,short,sell - stop_loss,44751.7,45211.1,1000.48,-1.1,0.46
2024-01-08 13:01:00,short,buy,45176.0,0.0,999.78,-0.07,0.39
2024-01-08 17:59:00,short,sell - stop_loss,45176.0,45683.0,987.86,-1.19,-0.8
2024-01-08 18:01:00,short,buy,45720.0,0.0,987.17,-0.07,-0.87
2024-01-08 18:23:00,short,sell - stop_loss,45720.0,46200.0,976.11,-1.12,-1.99
2024-01-08 19:01:00,short,buy,46877.0,0.0,975.43,-0.07,-2.06
2024-01-09 21:11:00,short,sell - stop_loss,46877.0,47639.3,958.89,-1.7,-3.76
2024-01-09 22:01:00,long,buy,45397.9,0.0,958.21,-0.07,-3.83
2024-01-10 11:53:00,long,sell - stop_loss,45397.9,45400.0,957.59,-0.07,-3.89
2024-01-10 12:01:00,long,buy,45580.0,0.0,956.92,-0.07,-3.96
2024-01-10 12:28:00,long,sell - stop_loss,45580.0,45300.5,950.38,-0.68,-4.65
2024-01-10 13:01:00,long,buy,44428.1,0.0,949.71,-0.07,-4.72
2024-01-10 17:35:00,long,sell - take_profit,44428.1,45852.5,979.5,3.14,-1.58
2024-01-10 18:01:00,long,buy,46414.3,0.0,978.81,-0.07,-1.65
2024-01-10 18:09:00,long,sell - take_profit,46414.3,46465.1,979.2,0.04,-1.61
2024-01-10 19:01:00,long,buy,46492.4,0.0,978.51,-0.07,-1.68
2024-01-10 20:10:00,long,sell - stop_loss,46492.4,46254.6,972.82,-0.58,-2.26
2024-01-10 21:01:00,long,buy,45962.4,0.0,972.14,-0.07,-2.33
2024-01-10 21:20:00,long,sell - stop_loss,45962.4,45735.6,966.67,-0.56,-2.89
2024-01-10 22:01:00,long,buy,46024.0,0.0,965.99,-0.07,-2.96
2024-01-10 23:07:00,long,sell - take_profit,46024.0,47422.0,994.65,2.97,0.0
2024-01-11 00:01:00,long,buy,46570.1,0.0,993.96,-0.07,-0.07
2024-01-11 05:39:00,long,sell - stop_loss,46570.1,46168.9,984.7,-0.93,-1.0
2024-01-11 06:01:00,long,buy,46094.0,0.0,984.01,-0.07,-1.07
2024-01-11 06:14:00,long,sell - stop_loss,46094.0,45734.4,975.64,-0.85,-1.92
2024-01-11 07:01:00,long,buy,45959.0,0.0,974.96,-0.07,-1.99
2024-01-11 12:40:00,long,sell - take_profit,45959.0,47364.6,1004.1,2.99,1.0
2024-01-11 13:01:00,short,buy,47352.0,0.0,1003.39,-0.07,0.93
2024-01-11 14:14:00,short,sell - stop_loss,47352.0,47856.0,992.01,-1.13,-0.2
2024-01-11 15:01:00,short,buy,48522.2,0.0,991.32,-0.07,-0.27
2024-01-11 15:42:00,short,sell - take_profit,48522.2,46904.1,1023.68,3.26,2.99
2024-01-11 16:01:00,short,buy,46710.2,0.0,1022.97,-0.07,2.92
2024-01-12 14:45:00,short,sell - take_profit,46710.2,45280.0,1053.57,2.99,5.91
2024-01-12 15:01:00,long,buy,45462.1,0.0,1052.83,-0.07,5.84
2024-01-12 15:19:00,long,sell - stop_loss,45462.1,45071.0,1043.04,-0.93,4.91
2024-01-12 16:01:00,long,buy,44406.0,0.0,1042.31,-0.07,4.84
2024-01-12 16:20:00,long,sell - stop_loss,44406.0,44052.0,1033.27,-0.87,3.97
2024-01-12 17:01:00,long,buy,43718.2,0.0,1032.55,-0.07,3.9
2024-01-12 21:44:00,long,sell - stop_loss,43718.2,43366.1,1023.51,-0.88,3.03
2024-01-12 22:01:00,long,buy,43440.8,0.0,1022.79,-0.07,2.96
2024-01-12 22:03:00,long,sell - stop_loss,43440.8,43311.2,1019.02,-0.37,2.59
2024-01-12 23:01:00,long,buy,42542.6,0.0,1018.31,-0.07,2.52
2024-01-14 20:02:00,long,sell - take_profit,42542.6,42614.0,1019.31,0.1,2.62
2024-01-14 21:01:00,long,buy,42534.8,0.0,1018.59,-0.07,2.55
2024-01-14 21:35:00,long,sell - stop_loss,42534.8,42204.9,1009.98,-0.85,1.7
2024-01-14 22:01:00,long,buy,42523.2,0.0,1009.27,-0.07,1.63
2024-01-14 22:31:00,long,sell - stop_loss,42523.2,42242.9,1001.91,-0.73,0.9
2024-01-14 23:01:00,long,buy,42310.0,0.0,1001.21,-0.07,0.83
2024-01-14 23:12:00,long,sell - stop_loss,42310.0,42123.8,996.11,-0.51,0.32
2024-01-15 00:01:00,long,buy,41759.8,0.0,995.41,-0.07,0.25
2024-01-15 18:25:00,long,sell - take_profit,41759.8,43088.0,1026.37,3.11,3.36
2024-01-15 19:01:00,long,buy,43004.9,0.0,1025.65,-0.07,3.29
2024-01-15 22:13:00,long,sell - stop_loss,43004.9,42626.8,1015.92,-0.95,2.34
2024-01-15 23:01:00,long,buy,42602.5,0.0,1015.21,-0.07,2.27
2024-01-16 12:01:00,long,sell - direction change,42602.5,42894.9,1021.46,0.62,2.89
2024-01-16 13:01:00,short,buy,43143.5,0.0,1020.75,-0.07,2.82
2024-01-16 21:21:00,short,sell - stop_loss,43143.5,43577.3,1009.77,-1.08,1.75
2024-01-16 22:01:00,short,buy,43463.3,0.0,1009.06,-0.07,1.68
2024-01-18 16:38:00,short,sell - take_profit,43463.3,42152.6,1038.79,2.95,4.62
2024-01-18 17:01:00,long,buy,41895.3,0.0,1038.06,-0.07,4.55
2024-01-18 17:53:00,long,sell - stop_loss,41895.3,41699.1,1032.47,-0.54,4.01
2024-01-18 18:01:00,long,buy,41895.3,0.0,1031.75,-0.07,3.94
2024-01-18 18:11:00,long,sell - stop_loss,41895.3,41647.4,1024.92,-0.66,3.28
2024-01-18 19:01:00,long,buy,41478.9,0.0,1024.2,-0.07,3.21
2024-01-18 19:55:00,long,sell - stop_loss,41478.9,41164.1,1015.71,-0.83,2.38
2024-01-18 20:01:00,long,buy,40983.0,0.0,1015.0,-0.07,2.31
2024-01-19 16:23:00,long,sell - stop_loss,40983.0,40827.3,1010.44,-0.45,1.86
2024-01-19 17:01:00,long,buy,40402.2,0.0,1009.73,-0.07,1.79
2024-01-19 18:49:00,long,sell - take_profit,40402.2,41665.6,1040.6,3.06,4.85
2024-01-19 19:01:00,short,buy,41766.6,0.0,1039.87,-0.07,4.78
2024-01-19 20:14:00,short,sell - stop_loss,41766.6,42199.0,1028.38,-1.11,3.67
2024-01-19 21:01:00,short,buy,41726.3,0.0,1027.66,-0.07,3.6
2024-01-22 01:01:00,short,sell - direction change,41726.3,41665.5,1028.43,0.08,3.68
2024-01-22 02:01:00,long,buy,41354.0,0.0,1027.71,-0.07,3.61
2024-01-22 04:52:00,long,sell - stop_loss,41354.0,40994.7,1018.07,-0.94,2.67
2024-01-22 05:01:00,long,buy,40721.1,0.0,1017.35,-0.07,2.6
2024-01-22 18:49:00,long,sell - stop_loss,40721.1,40412.2,1008.92,-0.83,1.77
2024-01-22 19:01:00,long,buy,40368.5,0.0,1008.22,-0.07,1.7
2024-01-22 19:16:00,long,sell - stop_loss,40368.5,40170.0,1002.55,-0.56,1.14
2024-01-22 20:01:00,long,buy,39868.1,0.0,1001.85,-0.07,1.07
2024-01-22 22:46:00,long,sell - stop_loss,39868.1,39755.1,998.31,-0.35,0.72
2024-01-22 23:01:00,long,buy,39884.0,0.0,997.61,-0.07,0.65
2024-01-22 23:53:00,long,sell - stop_loss,39884.0,39550.0,988.56,-0.91,-0.26
2024-01-23 00:01:00,long,buy,39584.9,0.0,987.87,-0.07,-0.33
2024-01-23 09:09:00,long,sell - stop_loss,39584.9,39337.9,981.01,-0.69,-1.02
2024-01-23 10:01:00,long,buy,38980.6,0.0,980.33,-0.07,-1.09
2024-01-23 14:08:00,long,sell - stop_loss,38980.6,38699.9,972.58,-0.79,-1.88
2024-01-23 15:01:00,long,buy,38842.9,0.0,971.9,-0.07,-1.95
2024-01-24 00:44:00,long,sell - take_profit,38842.9,40009.3,1000.4,2.93,0.98
2024-01-24 01:01:00,long,buy,40126.0,0.0,999.7,-0.07,0.91
2024-01-24 02:02:00,long,sell - stop_loss,40126.0,39750.0,989.64,-1.01,-0.1
2024-01-24 03:01:00,long,buy,39770.5,0.0,988.94,-0.07,-0.17
2024-01-26 10:01:00,long,sell - direction change,39770.5,40100.0,996.44,0.76,0.59
2024-01-26 11:01:00,short,buy,40718.8,0.0,995.75,-0.07,0.52
2024-01-26 11:30:00,short,sell - stop_loss,40718.8,41348.3,979.66,-1.62,-1.1
2024-01-26 12:01:00,short,buy,41275.4,0.0,978.97,-0.07,-1.17
2024-01-26 16:19:00,short,sell - stop_loss,41275.4,41710.0,967.98,-1.12,-2.29
2024-01-26 17:01:00,short,buy,41974.4,0.0,967.3,-0.07,-2.36
2024-01-28 04:03:00,short,sell - stop_loss,41974.4,42451.0,955.64,-1.21,-3.56
2024-01-28 05:01:00,short,buy,42755.7,0.0,954.97,-0.07,-3.63
2024-01-28 19:01:00,short,sell - direction change,42755.7,41926.9,972.81,1.87,-1.77
2024-01-28 20:01:00,long,buy,41784.1,0.0,972.13,-0.07,-1.84
2024-01-29 15:01:00,long,sell - direction change,41784.1,41937.9,975.03,0.3,-1.54
2024-01-29 16:01:00,short,buy,42636.7,0.0,974.35,-0.07,-1.61
2024-01-29 16:33:00,short,sell - stop_loss,42636.7,43094.4,963.21,-1.14,-2.75
2024-01-29 17:01:00,short,buy,43244.4,0.0,962.53,-0.07,-2.82
2024-01-30 02:37:00,short,sell - stop_loss,43244.4,43720.0,951.27,-1.17,-3.99
2024-01-30 03:01:00,short,buy,43624.9,0.0,950.61,-0.07,-4.06
2024-01-30 23:01:00,short,sell - direction change,43624.9,43326.3,956.45,0.61,-3.45
2024-01-31 00:01:00,long,buy,42961.6,0.0,955.78,-0.07,-3.52
2024-01-31 10:49:00,long,sell - stop_loss,42961.6,42548.3,945.91,-1.03,-4.55
2024-01-31 11:01:00,long,buy,42370.0,0.0,945.25,-0.07,-4.62
2024-01-31 17:58:00,long,sell - take_profit,42370.0,43649.8,973.14,2.95,-1.67
2024-01-31 18:01:00,short,buy,43685.7,0.0,972.46,-0.07,-1.74
2024-01-31 21:25:00,short,sell - take_profit,43685.7,42279.6,1003.08,3.15,1.41
2024-01-31 22:01:00,short,buy,42436.0,0.0,1002.38,-0.07,1.34
2024-02-01 01:01:00,short,sell - direction change,42436.0,42410.5,1002.28,-0.01,1.33
2024-02-01 02:01:00,long,buy,41982.8,0.0,1001.58,-0.07,1.26
2024-02-01 17:01:00,long,sell - direction change,41982.8,42622.7,1016.14,1.45,2.72
2024-02-01 18:01:00,short,buy,42888.0,0.0,1015.43,-0.07,2.65
2024-02-02 00:19:00,short,sell - stop_loss,42888.0,43343.4,1003.94,-1.13,1.51
2024-02-02 01:01:00,short,buy,43157.7,0.0,1003.24,-0.07,1.44
2024-02-02 13:01:00,short,sell - direction change,43157.7,43101.3,1003.84,0.06,1.5
2024-02-02 14:01:00,long,buy,42642.0,0.0,1003.14,-0.07,1.43
2024-02-04 22:39:00,long,sell - stop_loss,42642.0,42565.4,1000.64,-0.25,1.18
2024-02-04 23:01:00,long,buy,42535.9,0.0,999.94,-0.07,1.11
2024-02-05 13:01:00,long,sell - direction change,42535.9,43263.3,1016.34,1.64,2.75
2024-02-05 14:01:00,short,buy,43448.0,0.0,1015.62,-0.07,2.68
2024-02-07 20:16:00,short,sell - stop_loss,43448.0,44030.7,1001.29,-1.41,1.27
2024-02-07 21:01:00,short,buy,44144.0,0.0,1000.59,-0.07,1.2
2024-02-08 00:25:00,short,sell - stop_loss,44144.0,44718.7,986.87,-1.37,-0.17
2024-02-08 01:01:00,short,buy,44630.0,0.0,986.17,-0.07,-0.24
2024-02-08 14:04:00,short,sell - stop_loss,44630.0,45177.0,973.4,-1.3,-1.53
2024-02-08 15:01:00,short,buy,45107.3,0.0,972.72,-0.07,-1.6
2024-02-08 20:15:00,short,sell - stop_loss,45107.3,45560.0,962.27,-1.07,-2.68
2024-02-08 21:01:00,short,buy,45409.0,0.0,961.6,-0.07,-2.75
2024-02-09 02:18:00,short,sell - stop_loss,45409.0,45926.4,949.97,-1.21,-3.96
2024-02-09 03:01:00,short,buy,46273.2,0.0,949.3,-0.07,-4.03
2024-02-09 09:00:00,short,sell - stop_loss,46273.2,46754.0,938.78,-1.11,-5.14
2024-02-09 10:01:00,short,buy,46527.8,0.0,938.12,-0.07,-5.21
2024-02-09 11:49:00,short,sell - stop_loss,46527.8,47139.1,925.14,-1.38,-6.59
2024-02-09 12:01:00,short,buy,47118.8,0.0,924.49,-0.07,-6.66
2024-02-09 12:08:00,short,sell - stop_loss,47118.8,47749.0,911.48,-1.41,-8.07
2024-02-09 13:01:00,short,buy,47271.6,0.0,910.84,-0.07,-8.14
2024-02-09 18:00:00,short,sell - stop_loss,47271.6,47890.6,898.27,-1.38,-9.52
2024-02-09 19:01:00,short,buy,47556.2,0.0,897.65,-0.07,-9.59
2024-02-10 10:01:00,short,sell - direction change,47556.2,47051.0,906.55,0.99,-8.59
2024-02-10 11:01:00,long,buy,46868.8,0.0,905.92,-0.07,-8.66
2024-02-10 20:01:00,long,sell - direction change,46868.8,47493.5,917.36,1.26,-7.4
2024-02-10 21:01:00,short,buy,47960.1,0.0,916.72,-0.07,-7.47
2024-02-11 03:35:00,short,sell - stop_loss,47960.1,48441.6,906.87,-1.07,-8.55
2024-02-11 04:01:00,short,buy,48530.1,0.0,906.24,-0.07,-8.62
2024-02-12 15:06:00,short,sell - stop_loss,48530.1,49019.6,896.46,-1.08,-9.69
2024-02-12 16:01:00,short,buy,49928.3,0.0,895.83,-0.07,-9.76
2024-02-12 17:31:00,short,sell - stop_loss,49928.3,50439.2,886.04,-1.09,-10.86
2024-02-12 18:01:00,short,buy,49903.3,0.0,885.42,-0.07,-10.93
2024-02-13 01:36:00,short,sell - stop_loss,49903.3,50430.5,875.45,-1.13,-12.05
2024-02-13 02:01:00,short,buy,50161.8,0.0,874.83,-0.07,-12.12
2024-02-13 13:01:00,short,sell - direction change,50161.8,49887.2,879.01,0.48,-11.65
2024-02-13 14:01:00,long,buy,49579.0,0.0,878.4,-0.07,-11.72
2024-02-13 14:13:00,long,sell - stop_loss,49579.0,49272.5,872.35,-0.69,-12.41
2024-02-13 15:01:00,long,buy,48741.8,0.0,871.74,-0.07,-12.48
2024-02-14 08:52:00,long,sell - take_profit,48741.8,50257.0,898.23,3.04,-9.44
2024-02-14 09:01:00,short,buy,50815.8,0.0,897.6,-0.07,-9.51
2024-02-14 09:10:00,short,sell - stop_loss,50815.8,51516.8,884.59,-1.45,-10.96
2024-02-14 10:01:00,short,buy,51528.8,0.0,883.97,-0.07,-11.03
2024-02-14 14:32:00,short,sell - stop_loss,51528.8,52049.0,874.43,-1.08,-12.11
2024-02-14 15:01:00,short,buy,51902.6,0.0,873.82,-0.07,-12.18
2024-02-15 00:23:00,short,sell - stop_loss,51902.6,52480.0,863.48,-1.18,-13.36
2024-02-15 01:01:00,short,buy,52322.0,0.0,862.88,-0.07,-13.43
2024-02-15 14:34:00,short,sell - stop_loss,52322.0,52879.5,853.08,-1.14,-14.56
2024-02-15 15:01:00,short,buy,52670.0,0.0,852.48,-0.07,-14.63
2024-02-15 21:01:00,short,sell - direction change,52670.0,51638.8,868.58,1.89,-12.75
2024-02-15 22:01:00,long,buy,51400.0,0.0,867.97,-0.07,-12.82
2024-02-17 14:32:00,long,sell - stop_loss,51400.0,51166.7,863.42,-0.52,-13.34
2024-02-17 15:01:00,long,buy,50850.0,0.0,862.82,-0.07,-13.41
2024-02-18 22:21:00,long,sell - take_profit,50850.0,52456.7,889.48,3.09,-10.32
2024-02-18 23:01:00,short,buy,52281.3,0.0,888.85,-0.07,-10.39
2024-02-19 16:01:00,short,sell - direction change,52281.3,52160.9,890.28,0.16,-10.23
2024-02-19 17:01:00,long,buy,51768.9,0.0,889.65,-0.07,-10.3
2024-02-20 11:01:00,long,sell - direction change,51768.9,52192.9,896.32,0.75,-9.55
2024-02-20 12:01:00,short,buy,52350.0,0.0,895.69,-0.07,-9.62
2024-02-20 13:35:00,short,sell - stop_loss,52350.0,52974.2,884.38,-1.26,-10.88
2024-02-20 14:01:00,short,buy,52842.3,0.0,883.76,-0.07,-10.95
2024-02-20 17:00:00,short,sell - take_profit,52842.3,51073.0,912.74,3.28,-7.67
2024-02-20 18:01:00,short,buy,51325.8,0.0,912.1,-0.07,-7.74
2024-02-20 19:35:00,short,sell - stop_loss,51325.8,51868.0,901.82,-1.13,-8.87
2024-02-20 20:01:00,short,buy,52073.3,0.0,901.19,-0.07,-8.94
2024-02-21 09:01:00,short,sell - direction change,52073.3,51661.7,907.69,0.72,-8.22
2024-02-21 10:01:00,long,buy,51161.7,0.0,907.05,-0.07,-8.29
2024-02-21 12:07:00,long,sell - stop_loss,51161.7,50881.6,901.45,-0.62,-8.91
2024-02-21 13:01:00,long,buy,51303.6,0.0,900.82,-0.07,-8.98
2024-02-21 14:36:00,long,sell - stop_loss,51303.6,50942.1,893.84,-0.77,-9.75
2024-02-21 15:01:00,long,buy,50966.7,0.0,893.21,-0.07,-9.82
2024-02-24 17:01:00,long,sell - direction change,50966.7,51271.7,897.93,0.53,-9.29
2024-02-24 18:01:00,short,buy,51607.1,0.0,897.31,-0.07,-9.36
2024-02-25 16:01:00,short,sell - direction change,51607.1,51553.6,897.61,0.03,-9.33
2024-02-25 17:01:00,long,buy,51409.2,0.0,896.98,-0.07,-9.4
2024-02-26 15:01:00,long,sell - direction change,51409.2,51739.3,902.11,0.57,-8.83
2024-02-26 16:01:00,short,buy,52881.8,0.0,901.48,-0.07,-8.9
2024-02-26 16:08:00,short,sell - stop_loss,52881.8,53479.9,890.65,-1.2,-10.1
2024-02-26 17:01:00,short,buy,53440.5,0.0,890.03,-0.07,-10.17
2024-02-26 19:15:00,short,sell - stop_loss,53440.5,54384.0,873.69,-1.84,-12.0
2024-02-26 20:01:00,short,buy,54487.7,0.0,873.08,-0.07,-12.07
2024-02-27 01:43:00,short,sell - stop_loss,54487.7,55168.4,861.56,-1.32,-13.39
2024-02-27 02:01:00,short,buy,55728.6,0.0,860.96,-0.07,-13.46
2024-02-27 02:06:00,short,sell - stop_loss,55728.6,56652.8,846.08,-1.73,-15.19
2024-02-27 03:01:00,short,buy,56488.9,0.0,845.49,-0.07,-15.26
2024-02-27 12:26:00,short,sell - stop_loss,56488.9,57180.0,834.55,-1.29,-16.56
2024-02-27 13:01:00,short,buy,56772.2,0.0,833.97,-0.07,-16.63
2024-02-27 14:37:00,short,sell - stop_loss,56772.2,57395.0,824.23,-1.17,-17.79
2024-02-27 15:01:00,short,buy,57064.6,0.0,823.66,-0.07,-17.86
2024-02-27 19:54:00,short,sell - stop_loss,57064.6,57699.0,813.92,-1.18,-19.04
2024-02-27 20:01:00,short,buy,57294.6,0.0,813.35,-0.07,-19.11
2024-02-28 07:39:00,short,sell - stop_loss,57294.6,57897.1,804.23,-1.12,-20.24
2024-02-28 08:01:00,short,buy,58366.3,0.0,803.67,-0.07,-20.31
2024-02-28 08:43:00,short,sell - stop_loss,58366.3,58998.8,794.4,-1.15,-21.46
2024-02-28 09:01:00,short,buy,59331.7,0.0,793.84,-0.07,-21.53
2024-02-28 13:06:00,short,sell - stop_loss,59331.7,59953.0,784.97,-1.12,-22.65
2024-02-28 14:01:00,short,buy,60509.0,0.0,784.42,-0.07,-22.72
2024-02-28 14:57:00,short,sell - stop_loss,60509.0,61241.1,774.38,-1.28,-24.0
2024-02-28 15:01:00,short,buy,60942.7,0.0,773.84,-0.07,-24.07
2024-02-28 16:27:00,short,sell - stop_loss,60942.7,61671.0,764.05,-1.27,-25.33
2024-02-28 17:01:00,short,buy,62321.4,0.0,763.52,-0.07,-25.4
2024-02-28 17:04:00,short,sell - stop_loss,62321.4,62969.0,755.05,-1.11,-26.51
2024-02-28 18:01:00,short,buy,61440.3,0.0,754.52,-0.07,-26.58
2024-02-28 18:23:00,short,sell - take_profit,61440.3,59311.9,780.13,3.39,-23.19
2024-02-28 19:01:00,short,buy,61449.9,0.0,779.58,-0.07,-23.26
2024-02-28 23:12:00,short,sell - stop_loss,61449.9,62083.7,771.0,-1.1,-24.36
2024-02-29 00:01:00,short,buy,62458.7,0.0,770.46,-0.07,-24.43
2024-02-29 06:07:00,short,sell - stop_loss,62458.7,63128.3,761.66,-1.14,-25.57
2024-02-29 07:01:00,short,buy,63104.4,0.0,761.12,-0.07,-25.64
2024-02-29 17:38:00,short,sell - take_profit,63104.4,61175.7,783.85,2.99,-22.65
2024-02-29 18:01:00,long,buy,61255.9,0.0,783.31,-0.07,-22.72
2024-02-29 18:35:00,long,sell - stop_loss,61255.9,60769.5,776.54,-0.86,-23.59
2024-02-29 19:01:00,long,buy,60959.6,0.0,775.99,-0.07,-23.66
2024-03-01 13:01:00,long,sell - direction change,60959.6,62334.2,792.95,2.18,-21.47
2024-03-01 14:01:00,short,buy,62524.7,0.0,792.39,-0.07,-21.54
2024-03-01 20:58:00,short,sell - stop_loss,62524.7,63181.9,783.51,-1.12,-22.66
2024-03-01 21:01:00,short,buy,62649.7,0.0,782.96,-0.07,-22.73
2024-03-03 07:01:00,short,sell - direction change,62649.7,61912.9,791.62,1.11,-21.63
2024-03-03 08:01:00,long,buy,61739.1,0.0,791.07,-0.07,-21.7
2024-03-03 12:01:00,long,sell - direction change,61739.1,61895.7,792.52,0.18,-21.51
2024-03-03 13:01:00,short,buy,62330.6,0.0,791.97,-0.07,-21.58
2024-03-03 17:00:00,short,sell - stop_loss,62330.6,62964.9,783.35,-1.09,-22.67
2024-03-03 18:01:00,short,buy,62676.7,0.0,782.8,-0.07,-22.74
2024-03-03 22:28:00,short,sell - stop_loss,62676.7,63333.0,774.06,-1.12,-23.86
2024-03-03 23:01:00,short,buy,62850.1,0.0,773.52,-0.07,-23.93
2024-03-04 00:18:00,short,sell - stop_loss,62850.1,63531.6,764.59,-1.15,-25.08
2024-03-04 01:01:00,short,buy,63630.3,0.0,764.05,-0.07,-25.15
2024-03-04 07:45:00,short,sell - stop_loss,63630.3,64267.7,755.86,-1.07,-26.23
2024-03-04 08:01:00,short,buy,64129.9,0.0,755.34,-0.07,-26.3
2024-03-04 08:07:00,short,sell - stop_loss,64129.9,64792.0,747.01,-1.1,-27.4
2024-03-04 09:01:00,short,buy,65325.0,0.0,746.49,-0.07,-27.47
2024-03-04 14:35:00,short,sell - stop_loss,65325.0,65998.0,738.27,-1.1,-28.57
2024-03-04 15:01:00,short,buy,66188.7,0.0,737.76,-0.07,-28.64
2024-03-04 16:12:00,short,sell - stop_loss,66188.7,66931.6,728.96,-1.19,-29.83
2024-03-04 17:01:00,short,buy,66687.2,0.0,728.45,-0.07,-29.9
2024-03-04 17:26:00,short,sell - stop_loss,66687.2,67422.6,719.91,-1.17,-31.07
2024-03-04 18:01:00,short,buy,66954.7,0.0,719.4,-0.07,-31.14
2024-03-04 20:32:00,short,sell - stop_loss,66954.7,67646.4,711.47,-1.1,-32.25
2024-03-04 21:01:00,short,buy,67477.9,0.0,710.97,-0.07,-32.32
2024-03-04 23:03:00,short,sell - stop_loss,67477.9,68304.2,701.76,-1.29,-33.61
2024-03-05 00:01:00,short,buy,68283.7,0.0,701.27,-0.07,-33.68
2024-03-05 05:03:00,short,sell - take_profit,68283.7,64878.0,735.76,4.92,-28.76
2024-03-05 06:01:00,short,buy,67011.2,0.0,735.24,-0.07,-28.83
2024-03-05 13:04:00,short,sell - stop_loss,67011.2,67724.8,726.9,-1.13,-29.97
2024-03-05 14:01:00,short,buy,67772.9,0.0,726.39,-0.07,-30.04
2024-03-05 14:44:00,short,sell - stop_loss,67772.9,68555.0,717.5,-1.22,-31.26
2024-03-05 15:01:00,short,buy,68903.7,0.0,717.0,-0.07,-31.33
2024-03-05 15:30:00,short,sell - take_profit,68903.7,66766.0,738.74,3.03,-28.3
2024-03-05 16:01:00,long,buy,67083.4,0.0,738.22,-0.07,-28.37
2024-03-05 16:05:00,long,sell - stop_loss,67083.4,66800.0,734.59,-0.49,-28.86
2024-03-05 17:01:00,long,buy,65344.3,0.0,734.07,-0.07,-28.93
2024-03-05 17:06:00,long,sell - stop_loss,65344.3,65218.8,732.15,-0.26,-29.19
2024-03-05 18:01:00,long,buy,65438.0,0.0,731.64,-0.07,-29.26
2024-03-05 18:20:00,long,sell - stop_loss,65438.0,64999.6,726.22,-0.74,-30.0
2024-03-05 19:01:00,long,buy,64149.9,0.0,725.71,-0.07,-30.07
2024-03-05 19:10:00,long,sell - stop_loss,64149.9,63750.1,720.68,-0.69,-30.77
2024-03-05 20:01:00,long,buy,61906.6,0.0,720.18,-0.07,-30.84
2024-03-05 20:00:00,long,sell - stop_loss,61906.6,61906.7,719.68,-0.07,-30.91
2024-03-05 21:01:00,long,buy,61978.9,0.0,719.17,-0.07,-30.98
2024-03-05 21:21:00,long,sell - take_profit,61978.9,63889.2,740.84,3.01,-27.97
2024-03-05 22:01:00,long,buy,63202.2,0.0,740.32,-0.07,-28.04
2024-03-05 22:24:00,long,sell - stop_loss,63202.2,62676.0,733.63,-0.9,-28.94
2024-03-05 23:01:00,long,buy,63302.5,0.0,733.12,-0.07,-29.01
2024-03-06 05:11:00,long,sell - take_profit,63302.5,65380.0,756.67,3.21,-25.8
2024-03-06 06:01:00,long,buy,66541.2,0.0,756.14,-0.07,-25.87
2024-03-06 06:21:00,long,sell - stop_loss,66541.2,66040.4,749.92,-0.82,-26.69
2024-03-06 07:01:00,long,buy,65865.0,0.0,749.39,-0.07,-26.76
2024-03-06 12:46:00,long,sell - stop_loss,65865.0,65629.2,746.19,-0.43,-27.19
2024-03-06 13:01:00,long,buy,66280.0,0.0,745.66,-0.07,-27.26
2024-03-06 13:07:00,long,sell - stop_loss,66280.0,66108.4,743.21,-0.33,-27.59
2024-03-06 14:01:00,long,buy,66434.1,0.0,742.69,-0.07,-27.66
2024-03-06 15:04:00,long,sell - stop_loss,66434.1,65889.2,736.08,-0.89,-28.55
2024-03-06 16:01:00,long,buy,66604.6,0.0,735.56,-0.07,-28.62
2024-03-06 22:59:00,long,sell - stop_loss,66604.6,66119.4,729.69,-0.8,-29.41
2024-03-06 23:01:00,long,buy,65991.6,0.0,729.18,-0.07,-29.48
2024-03-07 14:39:00,long,sell - take_profit,65991.6,67992.6,750.78,2.96,-26.52
2024-03-07 15:01:00,long,buy,67133.2,0.0,750.25,-0.07,-26.59
2024-03-07 17:01:00,long,sell - direction change,67133.2,67407.0,752.79,0.34,-26.25
2024-03-07 18:01:00,short,buy,67705.9,0.0,752.26,-0.07,-26.32
2024-03-08 14:34:00,short,sell - stop_loss,67705.9,68413.1,743.88,-1.11,-27.44
2024-03-08 15:01:00,short,buy,68681.0,0.0,743.36,-0.07,-27.51
2024-03-08 15:27:00,short,sell - stop_loss,68681.0,69385.9,735.21,-1.1,-28.6
2024-03-08 16:01:00,short,buy,67813.5,0.0,734.69,-0.07,-28.67
2024-03-08 17:33:00,short,sell - stop_loss,67813.5,68585.4,725.82,-1.21,-29.88
2024-03-08 18:01:00,short,buy,68318.4,0.0,725.31,-0.07,-29.95
2024-03-08 20:00:00,short,sell - stop_loss,68318.4,69077.9,716.74,-1.18,-31.13
2024-03-08 21:01:00,short,buy,69088.0,0.0,716.24,-0.07,-31.2
2024-03-10 08:57:00,short,sell - stop_loss,69088.0,69784.2,708.52,-1.08,-32.28
2024-03-10 09:01:00,short,buy,69710.0,0.0,708.02,-0.07,-32.35
2024-03-10 22:01:00,short,sell - direction change,69710.0,69169.1,713.02,0.71,-31.65
2024-03-10 23:01:00,long,buy,68438.9,0.0,712.52,-0.07,-31.72
2024-03-11 00:51:00,long,sell - stop_loss,68438.9,67985.3,707.3,-0.73,-32.45
2024-03-11 01:01:00,long,buy,67982.8,0.0,706.8,-0.07,-32.52
2024-03-11 07:07:00,long,sell - take_profit,67982.8,70086.5,728.18,3.02,-29.5
2024-03-11 08:01:00,short,buy,71487.9,0.0,727.67,-0.07,-29.57
2024-03-11 11:44:00,short,sell - stop_loss,71487.9,72289.6,719.0,-1.19,-30.76
2024-03-11 12:01:00,short,buy,71497.1,0.0,718.5,-0.07,-30.83
2024-03-11 12:33:00,short,sell - stop_loss,71497.1,72238.0,710.55,-1.11,-31.93
2024-03-11 13:01:00,short,buy,71986.0,0.0,710.05,-0.07,-32.0
2024-03-11 15:35:00,short,sell - stop_loss,71986.0,72769.4,701.83,-1.16,-33.16
2024-03-11 16:01:00,short,buy,72128.4,0.0,701.34,-0.07,-33.23
2024-03-11 19:10:00,short,sell - stop_loss,72128.4,72889.4,693.45,-1.13,-34.36
2024-03-11 20:01:00,short,buy,72016.7,0.0,692.96,-0.07,-34.43
2024-03-11 22:15:00,short,sell - stop_loss,72016.7,72743.9,685.48,-1.08,-35.51
2024-03-11 23:01:00,short,buy,72492.1,0.0,685.0,-0.07,-35.58
2024-03-12 14:07:00,short,sell - stop_loss,72492.1,73391.0,676.02,-1.31,-36.89
2024-03-12 15:01:00,short,buy,71164.0,0.0,675.55,-0.07,-36.96
2024-03-12 15:07:00,short,sell - stop_loss,71164.0,71900.0,668.09,-1.1,-38.06
2024-03-12 16:01:00,long,buy,71918.0,0.0,667.62,-0.07,-38.13
2024-03-12 16:20:00,long,sell - stop_loss,71918.0,71392.8,662.28,-0.8,-38.93
2024-03-12 17:01:00,long,buy,70657.4,0.0,661.82,-0.07,-39.0
2024-03-12 17:06:00,long,sell - stop_loss,70657.4,70299.9,658.01,-0.58,-39.58
2024-03-12 18:01:00,long,buy,71130.1,0.0,657.54,-0.07,-39.65
2024-03-13 07:16:00,long,sell - take_profit,71130.1,73350.0,677.61,3.05,-36.6
2024-03-13 08:01:00,short,buy,73016.4,0.0,677.13,-0.07,-36.67
2024-03-13 08:28:00,short,sell - stop_loss,73016.4,73749.9,669.86,-1.07,-37.74
2024-03-13 09:01:00,short,buy,73536.1,0.0,669.39,-0.07,-37.81
2024-03-14 13:01:00,short,sell - direction change,73536.1,72895.5,674.75,0.8,-37.01
2024-03-14 14:01:00,long,buy,71903.8,0.0,674.28,-0.07,-37.08
2024-03-14 15:25:00,long,sell - stop_loss,71903.8,71442.8,669.48,-0.71,-37.79
2024-03-14 16:01:00,long,buy,71075.5,0.0,669.01,-0.07,-37.86
2024-03-14 16:14:00,long,sell - stop_loss,71075.5,70707.8,665.08,-0.59,-38.45
2024-03-14 17:01:00,long,buy,71506.4,0.0,664.62,-0.07,-38.52
2024-03-14 17:28:00,long,sell - stop_loss,71506.4,70936.2,658.85,-0.87,-39.38
2024-03-14 18:01:00,long,buy,71011.2,0.0,658.39,-0.07,-39.45
2024-03-14 18:46:00,long,sell - stop_loss,71011.2,70452.4,652.75,-0.86,-40.31
2024-03-14 19:01:00,long,buy,70035.6,0.0,652.29,-0.07,-40.38
2024-03-14 19:30:00,long,sell - stop_loss,70035.6,69694.0,648.65,-0.56,-40.94
2024-03-14 20:01:00,long,buy,69712.7,0.0,648.2,-0.07,-41.01
2024-03-15 00:22:00,long,sell - take_profit,69712.7,71850.7,667.63,3.0,-38.01
2024-03-15 01:01:00,long,buy,72090.8,0.0,667.16,-0.07,-38.08
2024-03-15 02:22:00,long,sell - stop_loss,72090.8,71468.8,660.94,-0.93,-39.02
2024-03-15 03:01:00,long,buy,68878.8,0.0,660.47,-0.07,-39.09
2024-03-15 03:22:00,long,sell - stop_loss,68878.8,68496.8,656.35,-0.62,-39.71
2024-03-15 04:01:00,long,buy,68459.5,0.0,655.89,-0.07,-39.78
2024-03-15 04:05:00,long,sell - stop_loss,68459.5,67885.7,649.93,-0.91,-40.69
2024-03-15 05:01:00,long,buy,67680.3,0.0,649.48,-0.07,-40.76
2024-03-15 09:00:00,long,sell - stop_loss,67680.3,67286.0,645.24,-0.65,-41.41
2024-03-15 10:01:00,long,buy,67925.0,0.0,644.79,-0.07,-41.48
2024-03-15 11:05:00,long,sell - stop_loss,67925.0,67396.2,639.32,-0.85,-42.33
2024-03-15 12:01:00,long,buy,67707.8,0.0,638.87,-0.07,-42.4
2024-03-15 18:48:00,long,sell - take_profit,67707.8,69805.4,658.21,3.03,-39.37
2024-03-15 19:01:00,long,buy,70579.0,0.0,657.75,-0.07,-39.44
2024-03-15 19:22:00,long,sell - stop_loss,70579.0,69974.3,651.66,-0.93,-40.37
2024-03-15 20:01:00,long,buy,68912.7,0.0,651.2,-0.07,-40.44
2024-03-15 20:07:00,long,sell - stop_loss,68912.7,68572.5,647.53,-0.56,-41.0
2024-03-15 21:01:00,long,buy,68006.9,0.0,647.08,-0.07,-41.07
2024-03-16 00:19:00,long,sell - take_profit,68006.9,70081.3,666.36,2.98,-38.09
2024-03-16 01:01:00,long,buy,69706.4,0.0,665.9,-0.07,-38.16
2024-03-16 02:33:00,long,sell - stop_loss,69706.4,69071.5,659.36,-0.98,-39.14
2024-03-16 03:01:00,long,buy,69165.8,0.0,658.9,-0.07,-39.21
2024-03-16 10:20:00,long,sell - stop_loss,69165.8,68589.2,652.95,-0.9,-40.12
2024-03-16 11:01:00,long,buy,68459.5,0.0,652.49,-0.07,-40.19
2024-03-16 11:31:00,long,sell - stop_loss,68459.5,67874.6,646.46,-0.92,-41.11
2024-03-16 12:01:00,long,buy,68261.9,0.0,646.01,-0.07,-41.18
2024-03-16 14:04:00,long,sell - stop_loss,68261.9,67710.5,640.34,-0.88,-42.06
2024-03-16 15:01:00,long,buy,68162.8,0.0,639.89,-0.07,-42.13
2024-03-16 17:46:00,long,sell - stop_loss,68162.8,67700.0,635.1,-0.75,-42.88
2024-03-16 18:01:00,long,buy,67313.6,0.0,634.65,-0.07,-42.95
2024-03-16 21:19:00,long,sell - stop_loss,67313.6,66731.9,628.72,-0.93,-43.88
2024-03-16 22:01:00,long,buy,66141.0,0.0,628.28,-0.07,-43.95
2024-03-16 23:12:00,long,sell - stop_loss,66141.0,65762.8,624.25,-0.64,-44.59
2024-03-17 00:01:00,long,buy,65624.0,0.0,623.81,-0.07,-44.66
2024-03-17 06:59:00,long,sell - stop_loss,65624.0,65280.9,620.12,-0.59,-45.26
2024-03-17 07:01:00,long,buy,65120.0,0.0,619.68,-0.07,-45.33
2024-03-17 10:19:00,long,sell - take_profit,65120.0,67082.4,637.92,2.94,-42.38
2024-03-17 11:01:00,long,buy,67165.4,0.0,637.47,-0.07,-42.45
2024-03-17 12:56:00,long,sell - stop_loss,67165.4,66576.8,631.44,-0.95,-43.4
2024-03-17 13:01:00,long,buy,66724.2,0.0,631.0,-0.07,-43.47
2024-03-17 15:01:00,long,sell - direction change,66724.2,67580.0,638.65,1.21,-42.26
2024-03-17 16:01:00,short,buy,67995.3,0.0,638.2,-0.07,-42.33
2024-03-17 17:54:00,short,sell - stop_loss,67995.3,68765.5,630.53,-1.2,-43.53
2024-03-17 18:01:00,short,buy,68532.9,0.0,630.09,-0.07,-43.6
2024-03-18 14:01:00,short,sell - direction change,68532.9,67505.6,639.09,1.43,-42.17
2024-03-18 15:01:00,long,buy,67080.3,0.0,638.64,-0.07,-42.24
2024-03-19 01:22:00,long,sell - stop_loss,67080.3,66572.9,633.37,-0.83,-43.07
2024-03-19 02:01:00,long,buy,66021.5,0.0,632.92,-0.07,-43.14
2024-03-19 03:34:00,long,sell - stop_loss,66021.5,65615.9,628.59,-0.68,-43.82
2024-03-19 04:01:00,long,buy,65952.0,0.0,628.15,-0.07,-43.89
2024-03-19 04:16:00,long,sell - stop_loss,65952.0,65412.0,622.57,-0.89,-44.78
2024-03-19 05:01:00,long,buy,65521.9,0.0,622.13,-0.07,-44.85
2024-03-19 05:29:00,long,sell - stop_loss,65521.9,64970.7,616.46,-0.91,-45.76
2024-03-19 06:01:00,long,buy,65221.3,0.0,616.03,-0.07,-45.83
2024-03-19 07:03:00,long,sell - stop_loss,65221.3,64744.8,611.1,-0.8,-46.63
2024-03-19 08:01:00,long,buy,64600.0,0.0,610.67,-0.07,-46.7
2024-03-19 08:20:00,long,sell - stop_loss,64600.0,64152.0,606.01,-0.76,-47.46
2024-03-19 09:01:00,long,buy,63563.2,0.0,605.59,-0.07,-47.53
2024-03-19 10:47:00,long,sell - stop_loss,63563.2,63110.0,600.84,-0.78,-48.32
2024-03-19 11:01:00,long,buy,63295.2,0.0,600.42,-0.07,-48.39
2024-03-19 11:17:00,long,sell - stop_loss,63295.2,62799.9,595.3,-0.85,-49.24
2024-03-19 12:01:00,long,buy,63068.3,0.0,594.89,-0.07,-49.31
2024-03-19 14:32:00,long,sell - stop_loss,63068.3,62749.9,591.47,-0.57,-49.88
2024-03-19 15:01:00,long,buy,62796.4,0.0,591.05,-0.07,-49.95
2024-03-19 16:12:00,long,sell - take_profit,62796.4,64691.0,608.47,2.95,-47.01
2024-03-19 17:01:00,long,buy,64902.0,0.0,608.05,-0.07,-47.08
2024-03-19 18:13:00,long,sell - stop_loss,64902.0,64415.8,603.07,-0.82,-47.9
2024-03-19 19:01:00,long,buy,64744.3,0.0,602.64,-0.07,-47.97
2024-03-19 20:03:00,long,sell - stop_loss,64744.3,64278.2,597.88,-0.79,-48.76
2024-03-19 21:01:00,long,buy,63857.0,0.0,597.47,-0.07,-48.83
2024-03-19 22:16:00,long,sell - stop_loss,63857.0,63455.0,593.29,-0.7,-49.53
2024-03-19 23:01:00,long,buy,62790.0,0.0,592.87,-0.07,-49.6
2024-03-19 23:06:00,long,sell - stop_loss,62790.0,62234.7,587.21,-0.95,-50.55
2024-03-20 00:01:00,long,buy,62047.7,0.0,586.8,-0.07,-50.62
2024-03-20 04:34:00,long,sell - stop_loss,62047.7,61522.9,581.43,-0.92,-51.54
2024-03-20 05:01:00,long,buy,61714.9,0.0,581.02,-0.07,-51.61
2024-03-20 05:12:00,long,sell - stop_loss,61714.9,61329.6,576.99,-0.69,-52.3
2024-03-20 06:01:00,long,buy,61602.5,0.0,576.58,-0.07,-52.37
2024-03-20 11:22:00,long,sell - take_profit,61602.5,63472.0,593.68,2.96,-49.41
2024-03-20 12:01:00,long,buy,63409.9,0.0,593.26,-0.07,-49.48
2024-03-20 16:27:00,long,sell - stop_loss,63409.9,62952.0,588.56,-0.79,-50.27
2024-03-20 17:01:00,long,buy,63081.3,0.0,588.15,-0.07,-50.34
2024-03-20 18:52:00,long,sell - take_profit,63081.3,65055.8,606.15,3.06,-47.28
2024-03-20 19:01:00,short,buy,65487.9,0.0,605.72,-0.07,-47.35
2024-03-20 20:05:00,short,sell - stop_loss,65487.9,66325.7,597.55,-1.35,-48.7
2024-03-20 21:01:00,short,buy,67165.3,0.0,597.13,-0.07,-48.77
2024-03-20 21:26:00,short,sell - stop_loss,67165.3,67840.0,590.72,-1.07,-49.84
2024-03-20 22:01:00,short,buy,67702.2,0.0,590.3,-0.07,-49.91
2024-03-21 17:01:00,short,sell - direction change,67702.2,66773.6,597.99,1.3,-48.61
2024-03-21 18:01:00,long,buy,65881.5,0.0,597.57,-0.07,-48.68
2024-03-21 18:15:00,long,sell - stop_loss,65881.5,65333.9,592.18,-0.9,-49.58
2024-03-21 19:01:00,long,buy,65075.9,0.0,591.77,-0.07,-49.65
2024-03-22 11:50:00,long,sell - stop_loss,65075.9,64602.3,587.05,-0.8,-50.45
2024-03-22 12:01:00,long,buy,64324.2,0.0,586.64,-0.07,-50.52
2024-03-22 13:36:00,long,sell - stop_loss,64324.2,63827.9,581.7,-0.84,-51.36
2024-03-22 14:01:00,long,buy,63216.5,0.0,581.29,-0.07,-51.43
2024-03-22 14:54:00,long,sell - stop_loss,63216.5,62784.7,576.91,-0.75,-52.18
2024-03-22 15:01:00,long,buy,62837.7,0.0,576.51,-0.07,-52.25
2024-03-22 21:36:00,long,sell - stop_loss,62837.7,62800.1,575.76,-0.13,-52.38
2024-03-22 22:01:00,long,buy,62940.3,0.0,575.36,-0.07,-52.45
2024-03-23 07:19:00,long,sell - take_profit,62940.3,64888.0,592.76,3.02,-49.43
2024-03-23 08:01:00,long,buy,64704.2,0.0,592.35,-0.07,-49.5
2024-03-23 14:01:00,long,sell - direction change,64704.2,64637.4,591.32,-0.17,-49.67
2024-03-23 15:01:00,short,buy,65276.0,0.0,590.91,-0.07,-49.74
2024-03-23 17:30:00,short,sell - stop_loss,65276.0,65955.0,584.34,-1.11,-50.85
2024-03-23 18:01:00,short,buy,65660.2,0.0,583.94,-0.07,-50.92
2024-03-24 20:12:00,short,sell - stop_loss,65660.2,66357.9,577.32,-1.13,-52.06
2024-03-24 21:01:00,short,buy,66252.1,0.0,576.92,-0.07,-52.13
2024-03-24 22:09:00,short,sell - stop_loss,66252.1,67046.4,569.6,-1.27,-53.39
2024-03-24 23:01:00,short,buy,67009.3,0.0,569.2,-0.07,-53.46
2024-03-24 23:15:00,short,sell - stop_loss,67009.3,67698.8,562.94,-1.1,-54.56
2024-03-25 00:01:00,short,buy,67335.9,0.0,562.55,-0.07,-54.63
2024-03-25 13:59:00,short,sell - stop_loss,67335.9,68090.9,555.85,-1.19,-55.82
2024-03-25 14:01:00,short,buy,68262.1,0.0,555.46,-0.07,-55.89
2024-03-25 14:17:00,short,sell - stop_loss,68262.1,69000.0,549.07,-1.15,-57.05
2024-03-25 15:01:00,short,buy,69711.9,0.0,548.68,-0.07,-57.12
2024-03-25 17:05:00,short,sell - stop_loss,69711.9,70544.3,541.75,-1.26,-58.38
2024-03-25 18:01:00,short,buy,70640.9,0.0,541.37,-0.07,-58.45
2024-03-26 07:23:00,short,sell - stop_loss,70640.9,71496.5,534.43,-1.28,-59.73
2024-03-26 08:01:00,short,buy,70450.0,0.0,534.06,-0.07,-59.8
2024-03-26 09:27:00,short,sell - stop_loss,70450.0,71170.0,528.22,-1.09,-60.89
2024-03-26 10:01:00,short,buy,71200.0,0.0,527.85,-0.07,-60.96
2024-03-26 19:01:00,short,sell - direction change,71200.0,70019.6,536.24,1.59,-59.37
2024-03-26 20:01:00,long,buy,69537.8,0.0,535.86,-0.07,-59.44
2024-03-27 13:24:00,long,sell - take_profit,69537.8,71638.6,551.67,2.95,-56.49
2024-03-27 14:01:00,long,buy,69981.0,0.0,551.29,-0.07,-56.56
2024-03-27 14:03:00,long,sell - stop_loss,69981.0,69557.2,547.56,-0.68,-57.24
2024-03-27 15:01:00,long,buy,70110.7,0.0,547.18,-0.07,-57.31
2024-03-27 15:12:00,long,sell - stop_loss,70110.7,69847.8,544.75,-0.44,-57.75
2024-03-27 16:01:00,long,buy,69078.9,0.0,544.36,-0.07,-57.82
2024-03-28 13:28:00,long,sell - take_profit,69078.9,71229.7,560.93,3.04,-54.78
2024-03-28 14:01:00,long,buy,70890.8,0.0,560.54,-0.07,-54.85
2024-03-29 06:06:00,long,sell - stop_loss,70890.8,70252.1,555.1,-0.97,-55.82
2024-03-29 07:01:00,long,buy,70482.7,0.0,554.71,-0.07,-55.89
2024-03-29 08:14:00,long,sell - stop_loss,70482.7,69828.2,549.17,-1.0,-56.89
2024-03-29 09:01:00,long,buy,70060.8,0.0,548.79,-0.07,-56.96
2024-03-29 15:39:00,long,sell - stop_loss,70060.8,69661.2,545.27,-0.64,-57.6
2024-03-29 16:01:00,long,buy,69323.8,0.0,544.89,-0.07,-57.67
2024-03-31 18:01:00,long,sell - direction change,69323.8,70566.8,554.28,1.72,-55.95
2024-03-31 19:01:00,short,buy,70889.4,0.0,553.89,-0.07,-56.02
2024-04-01 05:01:00,short,sell - direction change,70889.4,70528.0,556.33,0.44,-55.58
2024-04-01 06:01:00,long,buy,69179.3,0.0,555.94,-0.07,-55.65
2024-04-01 15:12:00,long,sell - stop_loss,69179.3,68562.8,550.59,-0.96,-56.61
2024-04-01 16:01:00,long,buy,68360.4,0.0,550.21,-0.07,-56.68
2024-04-02 02:37:00,long,sell - stop_loss,68360.4,67957.5,546.58,-0.66,-57.34
2024-04-02 03:01:00,long,buy,67034.7,0.0,546.2,-0.07,-57.41
2024-04-02 04:19:00,long,sell - stop_loss,67034.7,66527.6,541.68,-0.83,-58.23
2024-04-02 05:01:00,long,buy,66630.3,0.0,541.3,-0.07,-58.3
2024-04-02 09:03:00,long,sell - stop_loss,66630.3,66260.0,537.92,-0.63,-58.93
2024-04-02 10:01:00,long,buy,66110.4,0.0,537.54,-0.07,-59.0
2024-04-02 10:48:00,long,sell - stop_loss,66110.4,65783.9,534.51,-0.56,-59.56
2024-04-02 11:01:00,long,buy,66079.8,0.0,534.13,-0.07,-59.63
2024-04-02 11:20:00,long,sell - stop_loss,66079.8,65688.1,530.59,-0.66,-60.3
2024-04-02 12:01:00,long,buy,65625.6,0.0,530.22,-0.07,-60.37
2024-04-02 13:19:00,long,sell - stop_loss,65625.6,65306.5,527.27,-0.56,-60.92
2024-04-02 14:01:00,long,buy,65278.8,0.0,526.9,-0.07,-60.99
2024-04-02 16:04:00,long,sell - stop_loss,65278.8,64863.2,523.18,-0.71,-61.7
2024-04-02 17:01:00,long,buy,65620.9,0.0,522.82,-0.07,-61.77
2024-04-03 00:33:00,long,sell - stop_loss,65620.9,65049.2,517.89,-0.94,-62.71
2024-04-03 01:01:00,long,buy,65351.7,0.0,517.53,-0.07,-62.78
2024-04-04 12:01:00,long,sell - direction change,65351.7,66377.6,525.29,1.5,-61.28
2024-04-04 13:01:00,short,buy,66691.3,0.0,524.93,-0.07,-61.35
2024-04-04 13:20:00,short,sell - stop_loss,66691.3,67410.4,518.9,-1.15,-62.5
2024-04-04 14:01:00,short,buy,67208.4,0.0,518.54,-0.07,-62.57
2024-04-04 14:45:00,short,sell - stop_loss,67208.4,67909.4,512.76,-1.11,-63.68
2024-04-04 15:01:00,short,buy,67687.3,0.0,512.41,-0.07,-63.75
2024-04-04 17:50:00,short,sell - stop_loss,67687.3,68392.7,506.71,-1.11,-64.86
2024-04-04 18:01:00,short,buy,69026.0,0.0,506.35,-0.07,-64.93
2024-04-05 05:18:00,short,sell - take_profit,69026.0,66440.6,524.96,3.68,-61.26
2024-04-05 06:01:00,short,buy,66800.0,0.0,524.6,-0.07,-61.33
2024-04-05 08:21:00,short,sell - stop_loss,66800.0,67478.0,518.9,-1.08,-62.41
2024-04-05 09:01:00,short,buy,67104.9,0.0,518.54,-0.07,-62.48
2024-04-05 14:11:00,short,sell - stop_loss,67104.9,67897.0,512.06,-1.25,-63.73
2024-04-05 15:01:00,short,buy,68231.9,0.0,511.7,-0.07,-63.8
2024-04-06 22:51:00,short,sell - stop_loss,68231.9,68949.0,505.96,-1.12,-64.93
2024-04-06 23:01:00,short,buy,69170.1,0.0,505.61,-0.07,-65.0
2024-04-07 15:22:00,short,sell - stop_loss,69170.1,69876.9,500.09,-1.09,-66.09
2024-04-07 16:01:00,short,buy,69628.9,0.0,499.74,-0.07,-66.16
2024-04-07 16:41:00,short,sell - stop_loss,69628.9,70366.0,494.1,-1.13,-67.29
